Trial,Block,Conflict,Trial_Type,Cue_Valence,Optimal_Action,Agent_Choice,Agent_Reward
1,B1_MC,PI,GAL,-1,1,,
2,B1_MC,PI,NW,1,0,,
3,B1_MC,PI,NW,1,0,,
4,B1_MC,PC,GW,1,1,,
5,B1_MC,PI,NW,1,0,,
6,B1_MC,PI,GAL,-1,1,,
7,B1_MC,PI,GAL,-1,1,,
8,B1_MC,PC,GW,1,1,,
9,B1_MC,PI,GAL,-1,1,,
10,B1_MC,PI,NW,1,0,,
11,B1_MC,PC,GW,1,1,,
12,B1_MC,PI,GAL,-1,1,,
13,B1_MC,PI,GAL,-1,1,,
14,B1_MC,PI,NW,1,0,,
15,B1_MC,PI,GAL,-1,1,,
16,B1_MC,PI,GAL,-1,1,,
17,B1_MC,PI,NW,1,0,,
18,B1_MC,PC,GW,1,1,,
19,B1_MC,PI,GAL,-1,1,,
20,B1_MC,PC,NAL,-1,0,,
21,B1_MC,PC,GW,1,1,,
22,B1_MC,PI,GAL,-1,1,,
23,B1_MC,PC,GW,1,1,,
24,B1_MC,PI,NW,1,0,,
25,B1_MC,PI,GAL,-1,1,,
26,B1_MC,PI,GAL,-1,1,,
27,B1_MC,PC,NAL,-1,0,,
28,B1_MC,PI,NW,1,0,,
29,B1_MC,PC,GW,1,1,,
30,B1_MC,PI,GAL,-1,1,,
31,B1_MC,PI,GAL,-1,1,,
32,B1_MC,PC,GW,1,1,,
33,B1_MC,PC,GW,1,1,,
34,B1_MC,PI,GAL,-1,1,,
35,B1_MC,PC,GW,1,1,,
36,B1_MC,PC,NAL,-1,0,,
37,B1_MC,PC,GW,1,1,,
38,B1_MC,PC,NAL,-1,0,,
39,B1_MC,PC,NAL,-1,0,,
40,B1_MC,PI,NW,1,0,,
41,B1_MC,PC,GW,1,1,,
42,B1_MC,PI,GAL,-1,1,,
43,B1_MC,PC,NAL,-1,0,,
44,B1_MC,PI,NW,1,0,,
45,B1_MC,PC,GW,1,1,,
46,B1_MC,PC,NAL,-1,0,,
47,B1_MC,PC,NAL,-1,0,,
48,B1_MC,PI,NW,1,0,,
49,B1_MC,PI,NW,1,0,,
50,B1_MC,PI,NW,1,0,,
51,B1_MC,PI,NW,1,0,,
52,B1_MC,PI,GAL,-1,1,,
53,B1_MC,PI,NW,1,0,,
54,B1_MC,PC,NAL,-1,0,,
55,B1_MC,PC,NAL,-1,0,,
56,B1_MC,PC,NAL,-1,0,,
57,B1_MC,PC,NAL,-1,0,,
58,B1_MC,PI,NW,1,0,,
59,B1_MC,PC,NAL,-1,0,,
60,B1_MC,PI,GAL,-1,1,,
61,B1_MC,PC,NAL,-1,0,,
62,B1_MC,PI,GAL,-1,1,,
63,B1_MC,PI,GAL,-1,1,,
64,B1_MC,PI,GAL,-1,1,,
65,B1_MC,PI,NW,1,0,,
66,B1_MC,PC,GW,1,1,,
67,B1_MC,PI,NW,1,0,,
68,B1_MC,PC,NAL,-1,0,,
69,B1_MC,PI,GAL,-1,1,,
70,B1_MC,PC,NAL,-1,0,,
71,B1_MC,PI,NW,1,0,,
72,B1_MC,PC,GW,1,1,,
73,B1_MC,PI,NW,1,0,,
74,B1_MC,PI,NW,1,0,,
75,B1_MC,PI,GAL,-1,1,,
76,B1_MC,PI,GAL,-1,1,,
77,B1_MC,PI,GAL,-1,1,,
78,B1_MC,PI,NW,1,0,,
79,B1_MC,PI,NW,1,0,,
80,B1_MC,PC,GW,1,1,,
81,B1_MC,PC,NAL,-1,0,,
82,B1_MC,PC,NAL,-1,0,,
83,B1_MC,PI,GAL,-1,1,,
84,B1_MC,PC,GW,1,1,,
85,B1_MC,PC,GW,1,1,,
86,B1_MC,PC,GW,1,1,,
87,B1_MC,PI,NW,1,0,,
88,B1_MC,PI,NW,1,0,,
89,B1_MC,PI,GAL,-1,1,,
90,B1_MC,PI,NW,1,0,,
91,B1_MC,PI,NW,1,0,,
92,B1_MC,PC,NAL,-1,0,,
93,B1_MC,PI,GAL,-1,1,,
94,B1_MC,PC,GW,1,1,,
95,B1_MC,PC,GW,1,1,,
96,B1_MC,PC,GW,1,1,,
97,B1_MC,PI,GAL,-1,1,,
98,B1_MC,PC,NAL,-1,0,,
99,B1_MC,PC,GW,1,1,,
100,B1_MC,PI,NW,1,0,,
101,B1_MC,PI,NW,1,0,,
102,B1_MC,PC,GW,1,1,,
103,B1_MC,PI,NW,1,0,,
104,B1_MC,PI,GAL,-1,1,,
105,B1_MC,PI,GAL,-1,1,,
106,B1_MC,PC,NAL,-1,0,,
107,B1_MC,PI,NW,1,0,,
108,B1_MC,PI,NW,1,0,,
109,B1_MC,PC,NAL,-1,0,,
110,B1_MC,PC,GW,1,1,,
111,B1_MC,PC,GW,1,1,,
112,B1_MC,PI,GAL,-1,1,,
113,B1_MC,PI,NW,1,0,,
114,B1_MC,PC,GW,1,1,,
115,B1_MC,PC,NAL,-1,0,,
116,B1_MC,PC,GW,1,1,,
117,B1_MC,PC,GW,1,1,,
118,B1_MC,PI,NW,1,0,,
119,B1_MC,PC,NAL,-1,0,,
120,B1_MC,PC,GW,1,1,,
121,B1_MC,PI,GAL,-1,1,,
122,B1_MC,PI,NW,1,0,,
123,B1_MC,PC,NAL,-1,0,,
124,B1_MC,PC,NAL,-1,0,,
125,B1_MC,PC,GW,1,1,,
126,B1_MC,PC,GW,1,1,,
127,B1_MC,PC,GW,1,1,,
128,B1_MC,PC,GW,1,1,,
129,B1_MC,PC,GW,1,1,,
130,B1_MC,PI,GAL,-1,1,,
131,B1_MC,PI,NW,1,0,,
132,B1_MC,PC,GW,1,1,,
133,B1_MC,PC,NAL,-1,0,,
134,B1_MC,PI,NW,1,0,,
135,B1_MC,PI,GAL,-1,1,,
136,B1_MC,PC,NAL,-1,0,,
137,B1_MC,PC,NAL,-1,0,,
138,B1_MC,PC,NAL,-1,0,,
139,B1_MC,PI,NW,1,0,,
140,B1_MC,PI,GAL,-1,1,,
141,B1_MC,PC,GW,1,1,,
142,B1_MC,PC,NAL,-1,0,,
143,B1_MC,PC,NAL,-1,0,,
144,B1_MC,PI,GAL,-1,1,,
145,B1_MC,PI,GAL,-1,1,,
146,B1_MC,PC,NAL,-1,0,,
147,B1_MC,PC,NAL,-1,0,,
148,B1_MC,PI,GAL,-1,1,,
149,B1_MC,PC,NAL,-1,0,,
150,B1_MC,PC,GW,1,1,,
151,B1_MC,PI,GAL,-1,1,,
152,B1_MC,PC,GW,1,1,,
153,B1_MC,PI,NW,1,0,,
154,B1_MC,PI,GAL,-1,1,,
155,B1_MC,PI,NW,1,0,,
156,B1_MC,PC,GW,1,1,,
157,B1_MC,PI,NW,1,0,,
158,B1_MC,PI,GAL,-1,1,,
159,B1_MC,PC,GW,1,1,,
160,B1_MC,PI,GAL,-1,1,,
161,B1_MC,PI,NW,1,0,,
162,B1_MC,PC,NAL,-1,0,,
163,B1_MC,PC,NAL,-1,0,,
164,B1_MC,PC,GW,1,1,,
165,B1_MC,PC,GW,1,1,,
166,B1_MC,PI,GAL,-1,1,,
167,B1_MC,PC,GW,1,1,,
168,B1_MC,PI,NW,1,0,,
169,B1_MC,PC,NAL,-1,0,,
170,B1_MC,PC,NAL,-1,0,,
171,B1_MC,PC,GW,1,1,,
172,B1_MC,PC,NAL,-1,0,,
173,B1_MC,PI,GAL,-1,1,,
174,B1_MC,PC,NAL,-1,0,,
175,B1_MC,PC,GW,1,1,,
176,B1_MC,PC,NAL,-1,0,,
177,B1_MC,PI,NW,1,0,,
178,B1_MC,PI,GAL,-1,1,,
179,B1_MC,PC,NAL,-1,0,,
180,B1_MC,PC,GW,1,1,,
181,B1_MC,PC,GW,1,1,,
182,B1_MC,PI,NW,1,0,,
183,B1_MC,PC,GW,1,1,,
184,B1_MC,PI,NW,1,0,,
185,B1_MC,PC,NAL,-1,0,,
186,B1_MC,PI,NW,1,0,,
187,B1_MC,PC,NAL,-1,0,,
188,B1_MC,PC,GW,1,1,,
189,B1_MC,PI,NW,1,0,,
190,B1_MC,PC,NAL,-1,0,,
191,B1_MC,PI,NW,1,0,,
192,B1_MC,PI,GAL,-1,1,,
193,B1_MC,PI,NW,1,0,,
194,B1_MC,PC,NAL,-1,0,,
195,B1_MC,PI,NW,1,0,,
196,B1_MC,PC,GW,1,1,,
197,B1_MC,PI,GAL,-1,1,,
198,B1_MC,PC,GW,1,1,,
199,B1_MC,PI,GAL,-1,1,,
200,B1_MC,PI,GAL,-1,1,,
201,B1_MC,PC,NAL,-1,0,,
202,B1_MC,PI,NW,1,0,,
203,B1_MC,PI,NW,1,0,,
204,B1_MC,PI,GAL,-1,1,,
205,B1_MC,PC,GW,1,1,,
206,B1_MC,PC,GW,1,1,,
207,B1_MC,PI,NW,1,0,,
208,B1_MC,PC,GW,1,1,,
209,B1_MC,PC,GW,1,1,,
210,B1_MC,PI,GAL,-1,1,,
211,B1_MC,PI,NW,1,0,,
212,B1_MC,PI,GAL,-1,1,,
213,B1_MC,PC,NAL,-1,0,,
214,B1_MC,PI,NW,1,0,,
215,B1_MC,PC,NAL,-1,0,,
216,B1_MC,PI,GAL,-1,1,,
217,B1_MC,PI,NW,1,0,,
218,B1_MC,PI,GAL,-1,1,,
219,B1_MC,PI,GAL,-1,1,,
220,B1_MC,PI,NW,1,0,,
221,B1_MC,PC,NAL,-1,0,,
222,B1_MC,PC,NAL,-1,0,,
223,B1_MC,PI,NW,1,0,,
224,B1_MC,PI,NW,1,0,,
225,B1_MC,PC,NAL,-1,0,,
226,B1_MC,PC,NAL,-1,0,,
227,B1_MC,PI,NW,1,0,,
228,B1_MC,PI,NW,1,0,,
229,B1_MC,PI,GAL,-1,1,,
230,B1_MC,PI,GAL,-1,1,,
231,B1_MC,PI,GAL,-1,1,,
232,B1_MC,PC,NAL,-1,0,,
233,B1_MC,PC,NAL,-1,0,,
234,B1_MC,PC,NAL,-1,0,,
235,B1_MC,PC,NAL,-1,0,,
236,B1_MC,PC,NAL,-1,0,,
237,B1_MC,PC,NAL,-1,0,,
238,B1_MC,PI,NW,1,0,,
239,B1_MC,PC,GW,1,1,,
240,B1_MC,PI,NW,1,0,,
241,B1_MC,PI,GAL,-1,1,,
242,B1_MC,PI,NW,1,0,,
243,B1_MC,PC,GW,1,1,,
244,B1_MC,PC,GW,1,1,,
245,B1_MC,PC,GW,1,1,,
246,B1_MC,PC,NAL,-1,0,,
247,B1_MC,PI,GAL,-1,1,,
248,B1_MC,PI,NW,1,0,,
249,B1_MC,PC,NAL,-1,0,,
250,B1_MC,PC,GW,1,1,,
251,B1_MC,PC,NAL,-1,0,,
252,B1_MC,PC,GW,1,1,,
253,B1_MC,PI,NW,1,0,,
254,B1_MC,PC,NAL,-1,0,,
255,B1_MC,PI,NW,1,0,,
256,B1_MC,PI,GAL,-1,1,,
257,B1_MC,PI,GAL,-1,1,,
258,B1_MC,PC,GW,1,1,,
259,B1_MC,PI,GAL,-1,1,,
260,B1_MC,PI,NW,1,0,,
261,B1_MC,PI,GAL,-1,1,,
262,B1_MC,PI,NW,1,0,,
263,B1_MC,PC,GW,1,1,,
264,B1_MC,PC,NAL,-1,0,,
265,B1_MC,PC,NAL,-1,0,,
266,B1_MC,PI,NW,1,0,,
267,B1_MC,PC,NAL,-1,0,,
268,B1_MC,PC,NAL,-1,0,,
269,B1_MC,PC,NAL,-1,0,,
270,B1_MC,PC,GW,1,1,,
271,B1_MC,PC,NAL,-1,0,,
272,B1_MC,PI,GAL,-1,1,,
273,B1_MC,PC,GW,1,1,,
274,B1_MC,PI,NW,1,0,,
275,B1_MC,PI,GAL,-1,1,,
276,B1_MC,PI,GAL,-1,1,,
277,B1_MC,PI,GAL,-1,1,,
278,B1_MC,PC,GW,1,1,,
279,B1_MC,PC,GW,1,1,,
280,B1_MC,PI,NW,1,0,,
281,B1_MC,PC,NAL,-1,0,,
282,B1_MC,PC,NAL,-1,0,,
283,B1_MC,PC,GW,1,1,,
284,B1_MC,PI,GAL,-1,1,,
285,B1_MC,PC,NAL,-1,0,,
286,B1_MC,PI,NW,1,0,,
287,B1_MC,PC,NAL,-1,0,,
288,B1_MC,PC,GW,1,1,,
289,B1_MC,PI,NW,1,0,,
290,B1_MC,PC,GW,1,1,,
291,B1_MC,PC,GW,1,1,,
292,B1_MC,PC,NAL,-1,0,,
293,B1_MC,PI,GAL,-1,1,,
294,B1_MC,PI,NW,1,0,,
295,B1_MC,PC,GW,1,1,,
296,B1_MC,PC,NAL,-1,0,,
297,B1_MC,PC,GW,1,1,,
298,B1_MC,PI,NW,1,0,,
299,B1_MC,PI,GAL,-1,1,,
300,B1_MC,PI,NW,1,0,,
301,B1_MC,PI,NW,1,0,,
302,B1_MC,PC,GW,1,1,,
303,B1_MC,PI,GAL,-1,1,,
304,B1_MC,PC,NAL,-1,0,,
305,B1_MC,PI,GAL,-1,1,,
306,B1_MC,PC,NAL,-1,0,,
307,B1_MC,PC,GW,1,1,,
308,B1_MC,PC,GW,1,1,,
309,B1_MC,PI,GAL,-1,1,,
310,B1_MC,PC,NAL,-1,0,,
311,B1_MC,PI,NW,1,0,,
312,B1_MC,PC,GW,1,1,,
313,B1_MC,PC,NAL,-1,0,,
314,B1_MC,PI,NW,1,0,,
315,B1_MC,PI,NW,1,0,,
316,B1_MC,PI,GAL,-1,1,,
317,B1_MC,PC,GW,1,1,,
318,B1_MC,PI,NW,1,0,,
319,B1_MC,PC,GW,1,1,,
320,B1_MC,PI,GAL,-1,1,,
321,B1_MC,PI,GAL,-1,1,,
322,B1_MC,PI,NW,1,0,,
323,B1_MC,PC,GW,1,1,,
324,B1_MC,PI,GAL,-1,1,,
325,B1_MC,PI,NW,1,0,,
326,B1_MC,PC,GW,1,1,,
327,B1_MC,PI,GAL,-1,1,,
328,B1_MC,PC,GW,1,1,,
329,B1_MC,PI,NW,1,0,,
330,B1_MC,PI,GAL,-1,1,,
331,B1_MC,PI,NW,1,0,,
332,B1_MC,PC,NAL,-1,0,,
333,B1_MC,PC,NAL,-1,0,,
334,B1_MC,PI,GAL,-1,1,,
335,B1_MC,PI,NW,1,0,,
336,B1_MC,PC,GW,1,1,,
337,B1_MC,PC,NAL,-1,0,,
338,B1_MC,PC,GW,1,1,,
339,B1_MC,PI,GAL,-1,1,,
340,B1_MC,PC,GW,1,1,,
341,B1_MC,PC,NAL,-1,0,,
342,B1_MC,PC,NAL,-1,0,,
343,B1_MC,PI,NW,1,0,,
344,B1_MC,PI,GAL,-1,1,,
345,B1_MC,PC,GW,1,1,,
346,B1_MC,PI,GAL,-1,1,,
347,B1_MC,PI,GAL,-1,1,,
348,B1_MC,PI,NW,1,0,,
349,B1_MC,PC,GW,1,1,,
350,B1_MC,PC,NAL,-1,0,,
351,B1_MC,PC,NAL,-1,0,,
352,B1_MC,PI,GAL,-1,1,,
353,B1_MC,PC,NAL,-1,0,,
354,B1_MC,PC,GW,1,1,,
355,B1_MC,PC,NAL,-1,0,,
356,B1_MC,PC,GW,1,1,,
357,B1_MC,PC,NAL,-1,0,,
358,B1_MC,PI,GAL,-1,1,,
359,B1_MC,PC,NAL,-1,0,,
360,B1_MC,PC,GW,1,1,,
361,B1_MC,PI,GAL,-1,1,,
362,B1_MC,PC,GW,1,1,,
363,B1_MC,PC,NAL,-1,0,,
364,B1_MC,PI,NW,1,0,,
365,B1_MC,PI,GAL,-1,1,,
366,B1_MC,PI,NW,1,0,,
367,B1_MC,PI,NW,1,0,,
368,B1_MC,PC,GW,1,1,,
369,B1_MC,PC,NAL,-1,0,,
370,B1_MC,PC,NAL,-1,0,,
371,B1_MC,PI,GAL,-1,1,,
372,B1_MC,PC,GW,1,1,,
373,B1_MC,PI,GAL,-1,1,,
374,B1_MC,PC,GW,1,1,,
375,B1_MC,PI,GAL,-1,1,,
376,B1_MC,PI,GAL,-1,1,,
377,B1_MC,PI,NW,1,0,,
378,B1_MC,PC,NAL,-1,0,,
379,B1_MC,PI,NW,1,0,,
380,B1_MC,PC,GW,1,1,,
381,B1_MC,PI,GAL,-1,1,,
382,B1_MC,PI,NW,1,0,,
383,B1_MC,PI,GAL,-1,1,,
384,B1_MC,PI,NW,1,0,,
385,B1_MC,PI,NW,1,0,,
386,B1_MC,PC,GW,1,1,,
387,B1_MC,PI,GAL,-1,1,,
388,B1_MC,PC,GW,1,1,,
389,B1_MC,PC,GW,1,1,,
390,B1_MC,PI,NW,1,0,,
391,B1_MC,PI,NW,1,0,,
392,B1_MC,PI,NW,1,0,,
393,B1_MC,PI,GAL,-1,1,,
394,B1_MC,PI,NW,1,0,,
395,B1_MC,PC,GW,1,1,,
396,B1_MC,PC,GW,1,1,,
397,B1_MC,PI,NW,1,0,,
398,B1_MC,PI,GAL,-1,1,,
399,B1_MC,PC,GW,1,1,,
400,B1_MC,PI,NW,1,0,,
401,B1_MC,PC,NAL,-1,0,,
402,B1_MC,PC,NAL,-1,0,,
403,B1_MC,PI,GAL,-1,1,,
404,B1_MC,PC,NAL,-1,0,,
405,B1_MC,PI,GAL,-1,1,,
406,B1_MC,PC,GW,1,1,,
407,B1_MC,PI,NW,1,0,,
408,B1_MC,PI,GAL,-1,1,,
409,B1_MC,PC,NAL,-1,0,,
410,B1_MC,PI,NW,1,0,,
411,B1_MC,PC,NAL,-1,0,,
412,B1_MC,PI,GAL,-1,1,,
413,B1_MC,PC,GW,1,1,,
414,B1_MC,PC,GW,1,1,,
415,B1_MC,PI,GAL,-1,1,,
416,B1_MC,PI,GAL,-1,1,,
417,B1_MC,PC,NAL,-1,0,,
418,B1_MC,PI,NW,1,0,,
419,B1_MC,PI,GAL,-1,1,,
420,B1_MC,PC,NAL,-1,0,,
421,B1_MC,PI,GAL,-1,1,,
422,B1_MC,PI,GAL,-1,1,,
423,B1_MC,PI,GAL,-1,1,,
424,B1_MC,PI,NW,1,0,,
425,B1_MC,PI,NW,1,0,,
426,B1_MC,PI,GAL,-1,1,,
427,B1_MC,PI,NW,1,0,,
428,B1_MC,PC,NAL,-1,0,,
429,B1_MC,PI,NW,1,0,,
430,B1_MC,PC,GW,1,1,,
431,B1_MC,PI,NW,1,0,,
432,B1_MC,PI,GAL,-1,1,,
433,B1_MC,PC,GW,1,1,,
434,B1_MC,PC,NAL,-1,0,,
435,B1_MC,PI,GAL,-1,1,,
436,B1_MC,PI,NW,1,0,,
437,B1_MC,PI,NW,1,0,,
438,B1_MC,PI,GAL,-1,1,,
439,B1_MC,PI,GAL,-1,1,,
440,B1_MC,PI,GAL,-1,1,,
441,B1_MC,PC,NAL,-1,0,,
442,B1_MC,PC,GW,1,1,,
443,B1_MC,PC,GW,1,1,,
444,B1_MC,PI,GAL,-1,1,,
445,B1_MC,PI,NW,1,0,,
446,B1_MC,PC,GW,1,1,,
447,B1_MC,PI,GAL,-1,1,,
448,B1_MC,PI,GAL,-1,1,,
449,B1_MC,PC,GW,1,1,,
450,B1_MC,PI,GAL,-1,1,,
451,B1_MC,PC,NAL,-1,0,,
452,B1_MC,PC,NAL,-1,0,,
453,B1_MC,PI,GAL,-1,1,,
454,B1_MC,PC,GW,1,1,,
455,B1_MC,PC,NAL,-1,0,,
456,B1_MC,PI,GAL,-1,1,,
457,B1_MC,PI,NW,1,0,,
458,B1_MC,PC,NAL,-1,0,,
459,B1_MC,PI,NW,1,0,,
460,B1_MC,PC,NAL,-1,0,,
461,B1_MC,PI,NW,1,0,,
462,B1_MC,PC,GW,1,1,,
463,B1_MC,PI,GAL,-1,1,,
464,B1_MC,PI,NW,1,0,,
465,B1_MC,PC,NAL,-1,0,,
466,B1_MC,PC,NAL,-1,0,,
467,B1_MC,PI,NW,1,0,,
468,B1_MC,PI,GAL,-1,1,,
469,B1_MC,PI,GAL,-1,1,,
470,B1_MC,PI,NW,1,0,,
471,B1_MC,PC,NAL,-1,0,,
472,B1_MC,PC,GW,1,1,,
473,B1_MC,PC,GW,1,1,,
474,B1_MC,PC,NAL,-1,0,,
475,B1_MC,PC,GW,1,1,,
476,B1_MC,PI,NW,1,0,,
477,B1_MC,PC,GW,1,1,,
478,B1_MC,PC,GW,1,1,,
479,B1_MC,PI,NW,1,0,,
480,B1_MC,PI,GAL,-1,1,,
481,B1_MC,PC,GW,1,1,,
482,B1_MC,PI,GAL,-1,1,,
483,B1_MC,PI,GAL,-1,1,,
484,B1_MC,PC,NAL,-1,0,,
485,B1_MC,PI,GAL,-1,1,,
486,B1_MC,PI,GAL,-1,1,,
487,B1_MC,PI,GAL,-1,1,,
488,B1_MC,PI,NW,1,0,,
489,B1_MC,PC,NAL,-1,0,,
490,B1_MC,PI,NW,1,0,,
491,B1_MC,PC,NAL,-1,0,,
492,B1_MC,PI,NW,1,0,,
493,B1_MC,PC,NAL,-1,0,,
494,B1_MC,PI,GAL,-1,1,,
495,B1_MC,PC,GW,1,1,,
496,B1_MC,PI,GAL,-1,1,,
497,B1_MC,PI,NW,1,0,,
498,B1_MC,PC,NAL,-1,0,,
499,B1_MC,PI,NW,1,0,,
500,B1_MC,PI,GAL,-1,1,,
501,B1_MC,PI,NW,1,0,,
502,B1_MC,PI,NW,1,0,,
503,B1_MC,PC,NAL,-1,0,,
504,B1_MC,PI,NW,1,0,,
505,B1_MC,PC,GW,1,1,,
506,B1_MC,PC,GW,1,1,,
507,B1_MC,PC,NAL,-1,0,,
508,B1_MC,PI,GAL,-1,1,,
509,B1_MC,PI,GAL,-1,1,,
510,B1_MC,PI,NW,1,0,,
511,B1_MC,PC,NAL,-1,0,,
512,B1_MC,PC,NAL,-1,0,,
513,B1_MC,PI,GAL,-1,1,,
514,B1_MC,PC,GW,1,1,,
515,B1_MC,PI,NW,1,0,,
516,B1_MC,PI,NW,1,0,,
517,B1_MC,PC,GW,1,1,,
518,B1_MC,PI,GAL,-1,1,,
519,B1_MC,PI,GAL,-1,1,,
520,B1_MC,PC,NAL,-1,0,,
521,B1_MC,PC,GW,1,1,,
522,B1_MC,PI,GAL,-1,1,,
523,B1_MC,PI,NW,1,0,,
524,B1_MC,PC,GW,1,1,,
525,B1_MC,PI,NW,1,0,,
526,B1_MC,PI,NW,1,0,,
527,B1_MC,PC,NAL,-1,0,,
528,B1_MC,PI,NW,1,0,,
529,B1_MC,PC,GW,1,1,,
530,B1_MC,PC,NAL,-1,0,,
531,B1_MC,PC,GW,1,1,,
532,B1_MC,PI,GAL,-1,1,,
533,B1_MC,PC,NAL,-1,0,,
534,B1_MC,PC,GW,1,1,,
535,B1_MC,PI,NW,1,0,,
536,B1_MC,PI,NW,1,0,,
537,B1_MC,PC,GW,1,1,,
538,B1_MC,PI,NW,1,0,,
539,B1_MC,PC,NAL,-1,0,,
540,B1_MC,PI,GAL,-1,1,,
541,B1_MC,PC,NAL,-1,0,,
542,B1_MC,PC,GW,1,1,,
543,B1_MC,PI,NW,1,0,,
544,B1_MC,PI,GAL,-1,1,,
545,B1_MC,PI,NW,1,0,,
546,B1_MC,PC,GW,1,1,,
547,B1_MC,PI,GAL,-1,1,,
548,B1_MC,PC,GW,1,1,,
549,B1_MC,PI,GAL,-1,1,,
550,B1_MC,PC,NAL,-1,0,,
551,B1_MC,PI,NW,1,0,,
552,B1_MC,PI,NW,1,0,,
553,B1_MC,PI,GAL,-1,1,,
554,B1_MC,PC,NAL,-1,0,,
555,B1_MC,PI,GAL,-1,1,,
556,B1_MC,PI,GAL,-1,1,,
557,B1_MC,PC,GW,1,1,,
558,B1_MC,PI,NW,1,0,,
559,B1_MC,PC,GW,1,1,,
560,B1_MC,PC,NAL,-1,0,,
561,B1_MC,PI,GAL,-1,1,,
562,B1_MC,PI,NW,1,0,,
563,B1_MC,PC,NAL,-1,0,,
564,B1_MC,PC,NAL,-1,0,,
565,B1_MC,PI,GAL,-1,1,,
566,B1_MC,PC,NAL,-1,0,,
567,B1_MC,PC,NAL,-1,0,,
568,B1_MC,PC,GW,1,1,,
569,B1_MC,PI,NW,1,0,,
570,B1_MC,PI,NW,1,0,,
571,B1_MC,PI,NW,1,0,,
572,B1_MC,PI,GAL,-1,1,,
573,B1_MC,PC,GW,1,1,,
574,B1_MC,PI,NW,1,0,,
575,B1_MC,PI,GAL,-1,1,,
576,B1_MC,PI,NW,1,0,,
577,B1_MC,PI,NW,1,0,,
578,B1_MC,PC,GW,1,1,,
579,B1_MC,PC,GW,1,1,,
580,B1_MC,PC,GW,1,1,,
581,B1_MC,PC,GW,1,1,,
582,B1_MC,PC,GW,1,1,,
583,B1_MC,PC,NAL,-1,0,,
584,B1_MC,PC,GW,1,1,,
585,B1_MC,PC,NAL,-1,0,,
586,B1_MC,PI,NW,1,0,,
587,B1_MC,PI,NW,1,0,,
588,B1_MC,PI,NW,1,0,,
589,B1_MC,PC,NAL,-1,0,,
590,B1_MC,PI,NW,1,0,,
591,B1_MC,PC,GW,1,1,,
592,B1_MC,PC,NAL,-1,0,,
593,B1_MC,PI,GAL,-1,1,,
594,B1_MC,PI,GAL,-1,1,,
595,B1_MC,PI,NW,1,0,,
596,B1_MC,PI,NW,1,0,,
597,B1_MC,PC,NAL,-1,0,,
598,B1_MC,PC,NAL,-1,0,,
599,B1_MC,PI,GAL,-1,1,,
600,B1_MC,PI,GAL,-1,1,,
601,B1_MC,PC,GW,1,1,,
602,B1_MC,PC,NAL,-1,0,,
603,B1_MC,PC,GW,1,1,,
604,B1_MC,PI,GAL,-1,1,,
605,B1_MC,PI,NW,1,0,,
606,B1_MC,PC,GW,1,1,,
607,B1_MC,PI,GAL,-1,1,,
608,B1_MC,PI,GAL,-1,1,,
609,B1_MC,PC,NAL,-1,0,,
610,B1_MC,PI,NW,1,0,,
611,B1_MC,PC,GW,1,1,,
612,B1_MC,PC,NAL,-1,0,,
613,B1_MC,PI,NW,1,0,,
614,B1_MC,PI,GAL,-1,1,,
615,B1_MC,PC,GW,1,1,,
616,B1_MC,PC,NAL,-1,0,,
617,B1_MC,PC,NAL,-1,0,,
618,B1_MC,PI,GAL,-1,1,,
619,B1_MC,PC,NAL,-1,0,,
620,B1_MC,PI,NW,1,0,,
621,B1_MC,PC,GW,1,1,,
622,B1_MC,PC,NAL,-1,0,,
623,B1_MC,PI,GAL,-1,1,,
624,B1_MC,PC,GW,1,1,,
625,B1_MC,PI,GAL,-1,1,,
626,B1_MC,PI,GAL,-1,1,,
627,B1_MC,PC,NAL,-1,0,,
628,B1_MC,PC,NAL,-1,0,,
629,B1_MC,PC,GW,1,1,,
630,B1_MC,PC,NAL,-1,0,,
631,B1_MC,PI,GAL,-1,1,,
632,B1_MC,PI,GAL,-1,1,,
633,B1_MC,PC,GW,1,1,,
634,B1_MC,PI,GAL,-1,1,,
635,B1_MC,PI,GAL,-1,1,,
636,B1_MC,PC,GW,1,1,,
637,B1_MC,PC,NAL,-1,0,,
638,B1_MC,PC,NAL,-1,0,,
639,B1_MC,PI,GAL,-1,1,,
640,B1_MC,PC,NAL,-1,0,,
641,B1_MC,PI,GAL,-1,1,,
642,B1_MC,PI,NW,1,0,,
643,B1_MC,PI,NW,1,0,,
644,B1_MC,PC,NAL,-1,0,,
645,B1_MC,PI,GAL,-1,1,,
646,B1_MC,PI,GAL,-1,1,,
647,B1_MC,PC,GW,1,1,,
648,B1_MC,PI,NW,1,0,,
649,B1_MC,PI,NW,1,0,,
650,B1_MC,PI,GAL,-1,1,,
651,B1_MC,PC,GW,1,1,,
652,B1_MC,PC,GW,1,1,,
653,B1_MC,PC,GW,1,1,,
654,B1_MC,PC,NAL,-1,0,,
655,B1_MC,PI,NW,1,0,,
656,B1_MC,PI,GAL,-1,1,,
657,B1_MC,PI,NW,1,0,,
658,B1_MC,PI,NW,1,0,,
659,B1_MC,PI,GAL,-1,1,,
660,B1_MC,PC,NAL,-1,0,,
661,B1_MC,PI,GAL,-1,1,,
662,B1_MC,PC,NAL,-1,0,,
663,B1_MC,PI,GAL,-1,1,,
664,B1_MC,PC,GW,1,1,,
665,B1_MC,PC,NAL,-1,0,,
666,B1_MC,PC,NAL,-1,0,,
667,B1_MC,PI,NW,1,0,,
668,B1_MC,PC,GW,1,1,,
669,B1_MC,PI,NW,1,0,,
670,B1_MC,PC,NAL,-1,0,,
671,B1_MC,PI,NW,1,0,,
672,B1_MC,PC,GW,1,1,,
673,B1_MC,PI,NW,1,0,,
674,B1_MC,PC,GW,1,1,,
675,B1_MC,PC,GW,1,1,,
676,B1_MC,PC,NAL,-1,0,,
677,B1_MC,PC,NAL,-1,0,,
678,B1_MC,PI,GAL,-1,1,,
679,B1_MC,PI,GAL,-1,1,,
680,B1_MC,PI,NW,1,0,,
681,B1_MC,PI,GAL,-1,1,,
682,B1_MC,PI,GAL,-1,1,,
683,B1_MC,PC,NAL,-1,0,,
684,B1_MC,PC,NAL,-1,0,,
685,B1_MC,PC,NAL,-1,0,,
686,B1_MC,PC,GW,1,1,,
687,B1_MC,PC,NAL,-1,0,,
688,B1_MC,PC,NAL,-1,0,,
689,B1_MC,PI,NW,1,0,,
690,B1_MC,PC,GW,1,1,,
691,B1_MC,PI,GAL,-1,1,,
692,B1_MC,PC,NAL,-1,0,,
693,B1_MC,PC,GW,1,1,,
694,B1_MC,PI,GAL,-1,1,,
695,B1_MC,PC,NAL,-1,0,,
696,B1_MC,PI,GAL,-1,1,,
697,B1_MC,PI,GAL,-1,1,,
698,B1_MC,PC,NAL,-1,0,,
699,B1_MC,PI,GAL,-1,1,,
700,B1_MC,PI,NW,1,0,,
701,B1_MC,PC,NAL,-1,0,,
702,B1_MC,PI,GAL,-1,1,,
703,B1_MC,PI,GAL,-1,1,,
704,B1_MC,PI,NW,1,0,,
705,B1_MC,PI,NW,1,0,,
706,B1_MC,PI,NW,1,0,,
707,B1_MC,PC,GW,1,1,,
708,B1_MC,PI,NW,1,0,,
709,B1_MC,PC,GW,1,1,,
710,B1_MC,PI,NW,1,0,,
711,B1_MC,PC,GW,1,1,,
712,B1_MC,PI,GAL,-1,1,,
713,B1_MC,PC,GW,1,1,,
714,B1_MC,PC,GW,1,1,,
715,B1_MC,PC,GW,1,1,,
716,B1_MC,PI,GAL,-1,1,,
717,B1_MC,PI,NW,1,0,,
718,B1_MC,PI,GAL,-1,1,,
719,B1_MC,PI,GAL,-1,1,,
720,B1_MC,PI,NW,1,0,,
721,B1_MC,PI,GAL,-1,1,,
722,B1_MC,PI,NW,1,0,,
723,B1_MC,PI,NW,1,0,,
724,B1_MC,PC,GW,1,1,,
725,B1_MC,PC,GW,1,1,,
726,B1_MC,PC,GW,1,1,,
727,B1_MC,PI,GAL,-1,1,,
728,B1_MC,PI,GAL,-1,1,,
729,B1_MC,PI,GAL,-1,1,,
730,B1_MC,PI,NW,1,0,,
731,B1_MC,PI,NW,1,0,,
732,B1_MC,PC,GW,1,1,,
733,B1_MC,PI,GAL,-1,1,,
734,B1_MC,PI,NW,1,0,,
735,B1_MC,PC,NAL,-1,0,,
736,B1_MC,PC,GW,1,1,,
737,B1_MC,PC,NAL,-1,0,,
738,B1_MC,PC,GW,1,1,,
739,B1_MC,PI,GAL,-1,1,,
740,B1_MC,PI,GAL,-1,1,,
741,B1_MC,PC,GW,1,1,,
742,B1_MC,PI,GAL,-1,1,,
743,B1_MC,PC,NAL,-1,0,,
744,B1_MC,PI,GAL,-1,1,,
745,B1_MC,PC,NAL,-1,0,,
746,B1_MC,PC,NAL,-1,0,,
747,B1_MC,PC,GW,1,1,,
748,B1_MC,PI,NW,1,0,,
749,B1_MC,PI,NW,1,0,,
750,B1_MC,PC,NAL,-1,0,,
751,B1_MC,PC,NAL,-1,0,,
752,B1_MC,PI,NW,1,0,,
753,B1_MC,PC,GW,1,1,,
754,B1_MC,PI,GAL,-1,1,,
755,B1_MC,PI,GAL,-1,1,,
756,B1_MC,PC,GW,1,1,,
757,B1_MC,PI,NW,1,0,,
758,B1_MC,PI,GAL,-1,1,,
759,B1_MC,PI,GAL,-1,1,,
760,B1_MC,PC,NAL,-1,0,,
761,B1_MC,PI,NW,1,0,,
762,B1_MC,PC,NAL,-1,0,,
763,B1_MC,PC,NAL,-1,0,,
764,B1_MC,PI,NW,1,0,,
765,B1_MC,PI,GAL,-1,1,,
766,B1_MC,PC,NAL,-1,0,,
767,B1_MC,PC,NAL,-1,0,,
768,B1_MC,PC,NAL,-1,0,,
769,B1_MC,PI,GAL,-1,1,,
770,B1_MC,PI,NW,1,0,,
771,B1_MC,PI,NW,1,0,,
772,B1_MC,PI,GAL,-1,1,,
773,B1_MC,PC,GW,1,1,,
774,B1_MC,PC,GW,1,1,,
775,B1_MC,PI,GAL,-1,1,,
776,B1_MC,PC,NAL,-1,0,,
777,B1_MC,PC,GW,1,1,,
778,B1_MC,PC,NAL,-1,0,,
779,B1_MC,PC,NAL,-1,0,,
780,B1_MC,PC,GW,1,1,,
781,B1_MC,PC,NAL,-1,0,,
782,B1_MC,PC,GW,1,1,,
783,B1_MC,PC,GW,1,1,,
784,B1_MC,PC,GW,1,1,,
785,B1_MC,PC,NAL,-1,0,,
786,B1_MC,PC,NAL,-1,0,,
787,B1_MC,PI,NW,1,0,,
788,B1_MC,PC,GW,1,1,,
789,B1_MC,PC,NAL,-1,0,,
790,B1_MC,PI,GAL,-1,1,,
791,B1_MC,PC,GW,1,1,,
792,B1_MC,PI,GAL,-1,1,,
793,B1_MC,PC,NAL,-1,0,,
794,B1_MC,PI,GAL,-1,1,,
795,B1_MC,PI,NW,1,0,,
796,B1_MC,PC,GW,1,1,,
797,B1_MC,PC,GW,1,1,,
798,B1_MC,PC,NAL,-1,0,,
799,B1_MC,PI,GAL,-1,1,,
800,B1_MC,PC,GW,1,1,,
801,B1_MC,PC,NAL,-1,0,,
802,B1_MC,PI,GAL,-1,1,,
803,B1_MC,PC,GW,1,1,,
804,B1_MC,PI,NW,1,0,,
805,B1_MC,PI,GAL,-1,1,,
806,B1_MC,PI,NW,1,0,,
807,B1_MC,PI,GAL,-1,1,,
808,B1_MC,PC,NAL,-1,0,,
809,B1_MC,PI,GAL,-1,1,,
810,B1_MC,PI,GAL,-1,1,,
811,B1_MC,PI,NW,1,0,,
812,B1_MC,PC,NAL,-1,0,,
813,B1_MC,PC,GW,1,1,,
814,B1_MC,PC,GW,1,1,,
815,B1_MC,PI,NW,1,0,,
816,B1_MC,PC,NAL,-1,0,,
817,B1_MC,PI,GAL,-1,1,,
818,B1_MC,PC,GW,1,1,,
819,B1_MC,PI,GAL,-1,1,,
820,B1_MC,PC,GW,1,1,,
821,B1_MC,PC,NAL,-1,0,,
822,B1_MC,PI,NW,1,0,,
823,B1_MC,PI,NW,1,0,,
824,B1_MC,PI,GAL,-1,1,,
825,B1_MC,PC,GW,1,1,,
826,B1_MC,PI,GAL,-1,1,,
827,B1_MC,PC,GW,1,1,,
828,B1_MC,PI,NW,1,0,,
829,B1_MC,PI,GAL,-1,1,,
830,B1_MC,PC,GW,1,1,,
831,B1_MC,PC,NAL,-1,0,,
832,B1_MC,PC,NAL,-1,0,,
833,B1_MC,PC,NAL,-1,0,,
834,B1_MC,PI,NW,1,0,,
835,B1_MC,PC,NAL,-1,0,,
836,B1_MC,PC,GW,1,1,,
837,B1_MC,PI,GAL,-1,1,,
838,B1_MC,PI,GAL,-1,1,,
839,B1_MC,PI,GAL,-1,1,,
840,B1_MC,PI,NW,1,0,,
841,B1_MC,PI,GAL,-1,1,,
842,B1_MC,PI,NW,1,0,,
843,B1_MC,PI,NW,1,0,,
844,B1_MC,PC,NAL,-1,0,,
845,B1_MC,PI,GAL,-1,1,,
846,B1_MC,PC,GW,1,1,,
847,B1_MC,PI,NW,1,0,,
848,B1_MC,PI,NW,1,0,,
849,B1_MC,PI,NW,1,0,,
850,B1_MC,PC,NAL,-1,0,,
851,B1_MC,PI,GAL,-1,1,,
852,B1_MC,PC,GW,1,1,,
853,B1_MC,PC,GW,1,1,,
854,B1_MC,PI,NW,1,0,,
855,B1_MC,PC,NAL,-1,0,,
856,B1_MC,PI,GAL,-1,1,,
857,B1_MC,PC,NAL,-1,0,,
858,B1_MC,PI,NW,1,0,,
859,B1_MC,PC,GW,1,1,,
860,B1_MC,PI,NW,1,0,,
861,B1_MC,PC,NAL,-1,0,,
862,B1_MC,PI,GAL,-1,1,,
863,B1_MC,PC,GW,1,1,,
864,B1_MC,PI,GAL,-1,1,,
865,B1_MC,PI,NW,1,0,,
866,B1_MC,PC,GW,1,1,,
867,B1_MC,PC,NAL,-1,0,,
868,B1_MC,PI,GAL,-1,1,,
869,B1_MC,PC,GW,1,1,,
870,B1_MC,PC,NAL,-1,0,,
871,B1_MC,PI,NW,1,0,,
872,B1_MC,PC,GW,1,1,,
873,B1_MC,PC,GW,1,1,,
874,B1_MC,PC,GW,1,1,,
875,B1_MC,PC,NAL,-1,0,,
876,B1_MC,PC,NAL,-1,0,,
877,B1_MC,PC,NAL,-1,0,,
878,B1_MC,PI,NW,1,0,,
879,B1_MC,PC,GW,1,1,,
880,B1_MC,PC,NAL,-1,0,,
881,B1_MC,PC,NAL,-1,0,,
882,B1_MC,PC,GW,1,1,,
883,B1_MC,PC,NAL,-1,0,,
884,B1_MC,PC,GW,1,1,,
885,B1_MC,PC,GW,1,1,,
886,B1_MC,PC,NAL,-1,0,,
887,B1_MC,PI,NW,1,0,,
888,B1_MC,PC,NAL,-1,0,,
889,B1_MC,PC,NAL,-1,0,,
890,B1_MC,PC,GW,1,1,,
891,B1_MC,PC,NAL,-1,0,,
892,B1_MC,PC,NAL,-1,0,,
893,B1_MC,PC,GW,1,1,,
894,B1_MC,PI,GAL,-1,1,,
895,B1_MC,PC,NAL,-1,0,,
896,B1_MC,PI,NW,1,0,,
897,B1_MC,PI,GAL,-1,1,,
898,B1_MC,PC,NAL,-1,0,,
899,B1_MC,PC,NAL,-1,0,,
900,B1_MC,PC,GW,1,1,,
901,B1_MC,PC,NAL,-1,0,,
902,B1_MC,PI,GAL,-1,1,,
903,B1_MC,PI,NW,1,0,,
904,B1_MC,PC,NAL,-1,0,,
905,B1_MC,PC,NAL,-1,0,,
906,B1_MC,PI,NW,1,0,,
907,B1_MC,PI,NW,1,0,,
908,B1_MC,PI,GAL,-1,1,,
909,B1_MC,PC,GW,1,1,,
910,B1_MC,PI,NW,1,0,,
911,B1_MC,PC,NAL,-1,0,,
912,B1_MC,PI,GAL,-1,1,,
913,B1_MC,PI,NW,1,0,,
914,B1_MC,PI,GAL,-1,1,,
915,B1_MC,PC,GW,1,1,,
916,B1_MC,PC,GW,1,1,,
917,B1_MC,PI,GAL,-1,1,,
918,B1_MC,PC,GW,1,1,,
919,B1_MC,PC,NAL,-1,0,,
920,B1_MC,PC,NAL,-1,0,,
921,B1_MC,PI,GAL,-1,1,,
922,B1_MC,PC,NAL,-1,0,,
923,B1_MC,PC,NAL,-1,0,,
924,B1_MC,PC,NAL,-1,0,,
925,B1_MC,PI,NW,1,0,,
926,B1_MC,PI,GAL,-1,1,,
927,B1_MC,PC,GW,1,1,,
928,B1_MC,PC,GW,1,1,,
929,B1_MC,PI,NW,1,0,,
930,B1_MC,PI,GAL,-1,1,,
931,B1_MC,PC,GW,1,1,,
932,B1_MC,PI,NW,1,0,,
933,B1_MC,PC,GW,1,1,,
934,B1_MC,PI,NW,1,0,,
935,B1_MC,PC,NAL,-1,0,,
936,B1_MC,PC,NAL,-1,0,,
937,B1_MC,PC,NAL,-1,0,,
938,B1_MC,PC,GW,1,1,,
939,B1_MC,PC,NAL,-1,0,,
940,B1_MC,PI,NW,1,0,,
941,B1_MC,PC,GW,1,1,,
942,B1_MC,PC,NAL,-1,0,,
943,B1_MC,PI,NW,1,0,,
944,B1_MC,PI,NW,1,0,,
945,B1_MC,PI,GAL,-1,1,,
946,B1_MC,PC,GW,1,1,,
947,B1_MC,PC,GW,1,1,,
948,B1_MC,PI,GAL,-1,1,,
949,B1_MC,PI,NW,1,0,,
950,B1_MC,PI,NW,1,0,,
951,B1_MC,PC,GW,1,1,,
952,B1_MC,PC,NAL,-1,0,,
953,B1_MC,PI,NW,1,0,,
954,B1_MC,PI,NW,1,0,,
955,B1_MC,PC,GW,1,1,,
956,B1_MC,PC,GW,1,1,,
957,B1_MC,PC,GW,1,1,,
958,B1_MC,PI,NW,1,0,,
959,B1_MC,PI,NW,1,0,,
960,B1_MC,PC,NAL,-1,0,,
961,B1_MC,PI,GAL,-1,1,,
962,B1_MC,PC,NAL,-1,0,,
963,B1_MC,PI,NW,1,0,,
964,B1_MC,PI,NW,1,0,,
965,B1_MC,PI,NW,1,0,,
966,B1_MC,PC,GW,1,1,,
967,B1_MC,PI,NW,1,0,,
968,B1_MC,PC,NAL,-1,0,,
969,B1_MC,PI,GAL,-1,1,,
970,B1_MC,PC,GW,1,1,,
971,B1_MC,PC,NAL,-1,0,,
972,B1_MC,PC,GW,1,1,,
973,B1_MC,PC,GW,1,1,,
974,B1_MC,PC,NAL,-1,0,,
975,B1_MC,PI,GAL,-1,1,,
976,B1_MC,PC,NAL,-1,0,,
977,B1_MC,PI,GAL,-1,1,,
978,B1_MC,PI,NW,1,0,,
979,B1_MC,PC,NAL,-1,0,,
980,B1_MC,PC,GW,1,1,,
981,B1_MC,PI,GAL,-1,1,,
982,B1_MC,PC,GW,1,1,,
983,B1_MC,PI,NW,1,0,,
984,B1_MC,PC,GW,1,1,,
985,B1_MC,PC,NAL,-1,0,,
986,B1_MC,PC,GW,1,1,,
987,B1_MC,PI,NW,1,0,,
988,B1_MC,PI,GAL,-1,1,,
989,B1_MC,PC,GW,1,1,,
990,B1_MC,PI,NW,1,0,,
991,B1_MC,PC,GW,1,1,,
992,B1_MC,PC,GW,1,1,,
993,B1_MC,PI,NW,1,0,,
994,B1_MC,PI,NW,1,0,,
995,B1_MC,PI,NW,1,0,,
996,B1_MC,PC,GW,1,1,,
997,B1_MC,PC,GW,1,1,,
998,B1_MC,PC,NAL,-1,0,,
999,B1_MC,PC,GW,1,1,,
1000,B1_MC,PC,NAL,-1,0,,
1001,B2_HC,PI,GAL,-1,1,,
1002,B2_HC,PC,GW,1,1,,
1003,B2_HC,PI,GAL,-1,1,,
1004,B2_HC,PI,GAL,-1,1,,
1005,B2_HC,PI,GAL,-1,1,,
1006,B2_HC,PI,GAL,-1,1,,
1007,B2_HC,PC,NAL,-1,0,,
1008,B2_HC,PC,NAL,-1,0,,
1009,B2_HC,PI,GAL,-1,1,,
1010,B2_HC,PC,GW,1,1,,
1011,B2_HC,PI,GAL,-1,1,,
1012,B2_HC,PI,GAL,-1,1,,
1013,B2_HC,PI,NW,1,0,,
1014,B2_HC,PI,GAL,-1,1,,
1015,B2_HC,PC,GW,1,1,,
1016,B2_HC,PI,GAL,-1,1,,
1017,B2_HC,PI,GAL,-1,1,,
1018,B2_HC,PI,NW,1,0,,
1019,B2_HC,PC,GW,1,1,,
1020,B2_HC,PI,NW,1,0,,
1021,B2_HC,PC,NAL,-1,0,,
1022,B2_HC,PI,GAL,-1,1,,
1023,B2_HC,PC,GW,1,1,,
1024,B2_HC,PI,GAL,-1,1,,
1025,B2_HC,PC,GW,1,1,,
1026,B2_HC,PI,NW,1,0,,
1027,B2_HC,PC,NAL,-1,0,,
1028,B2_HC,PC,GW,1,1,,
1029,B2_HC,PC,GW,1,1,,
1030,B2_HC,PI,NW,1,0,,
1031,B2_HC,PI,NW,1,0,,
1032,B2_HC,PI,NW,1,0,,
1033,B2_HC,PC,NAL,-1,0,,
1034,B2_HC,PI,GAL,-1,1,,
1035,B2_HC,PC,NAL,-1,0,,
1036,B2_HC,PI,NW,1,0,,
1037,B2_HC,PC,NAL,-1,0,,
1038,B2_HC,PC,GW,1,1,,
1039,B2_HC,PI,NW,1,0,,
1040,B2_HC,PC,GW,1,1,,
1041,B2_HC,PI,NW,1,0,,
1042,B2_HC,PC,GW,1,1,,
1043,B2_HC,PI,GAL,-1,1,,
1044,B2_HC,PI,GAL,-1,1,,
1045,B2_HC,PC,NAL,-1,0,,
1046,B2_HC,PI,GAL,-1,1,,
1047,B2_HC,PC,GW,1,1,,
1048,B2_HC,PI,GAL,-1,1,,
1049,B2_HC,PI,GAL,-1,1,,
1050,B2_HC,PI,NW,1,0,,
1051,B2_HC,PI,GAL,-1,1,,
1052,B2_HC,PI,NW,1,0,,
1053,B2_HC,PI,NW,1,0,,
1054,B2_HC,PC,GW,1,1,,
1055,B2_HC,PC,GW,1,1,,
1056,B2_HC,PI,GAL,-1,1,,
1057,B2_HC,PI,GAL,-1,1,,
1058,B2_HC,PC,GW,1,1,,
1059,B2_HC,PI,NW,1,0,,
1060,B2_HC,PC,GW,1,1,,
1061,B2_HC,PC,GW,1,1,,
1062,B2_HC,PI,GAL,-1,1,,
1063,B2_HC,PI,NW,1,0,,
1064,B2_HC,PI,NW,1,0,,
1065,B2_HC,PI,GAL,-1,1,,
1066,B2_HC,PI,GAL,-1,1,,
1067,B2_HC,PI,NW,1,0,,
1068,B2_HC,PI,GAL,-1,1,,
1069,B2_HC,PI,NW,1,0,,
1070,B2_HC,PI,NW,1,0,,
1071,B2_HC,PI,NW,1,0,,
1072,B2_HC,PI,GAL,-1,1,,
1073,B2_HC,PC,NAL,-1,0,,
1074,B2_HC,PI,NW,1,0,,
1075,B2_HC,PI,NW,1,0,,
1076,B2_HC,PI,GAL,-1,1,,
1077,B2_HC,PI,GAL,-1,1,,
1078,B2_HC,PC,NAL,-1,0,,
1079,B2_HC,PI,NW,1,0,,
1080,B2_HC,PI,GAL,-1,1,,
1081,B2_HC,PI,GAL,-1,1,,
1082,B2_HC,PI,NW,1,0,,
1083,B2_HC,PI,NW,1,0,,
1084,B2_HC,PC,GW,1,1,,
1085,B2_HC,PC,NAL,-1,0,,
1086,B2_HC,PI,NW,1,0,,
1087,B2_HC,PC,GW,1,1,,
1088,B2_HC,PI,GAL,-1,1,,
1089,B2_HC,PI,GAL,-1,1,,
1090,B2_HC,PC,NAL,-1,0,,
1091,B2_HC,PI,NW,1,0,,
1092,B2_HC,PI,NW,1,0,,
1093,B2_HC,PI,NW,1,0,,
1094,B2_HC,PI,NW,1,0,,
1095,B2_HC,PI,GAL,-1,1,,
1096,B2_HC,PI,GAL,-1,1,,
1097,B2_HC,PI,NW,1,0,,
1098,B2_HC,PC,GW,1,1,,
1099,B2_HC,PC,GW,1,1,,
1100,B2_HC,PC,GW,1,1,,
1101,B2_HC,PC,GW,1,1,,
1102,B2_HC,PI,NW,1,0,,
1103,B2_HC,PC,GW,1,1,,
1104,B2_HC,PC,NAL,-1,0,,
1105,B2_HC,PI,NW,1,0,,
1106,B2_HC,PI,NW,1,0,,
1107,B2_HC,PI,GAL,-1,1,,
1108,B2_HC,PC,NAL,-1,0,,
1109,B2_HC,PC,NAL,-1,0,,
1110,B2_HC,PI,GAL,-1,1,,
1111,B2_HC,PI,GAL,-1,1,,
1112,B2_HC,PC,GW,1,1,,
1113,B2_HC,PC,NAL,-1,0,,
1114,B2_HC,PI,NW,1,0,,
1115,B2_HC,PI,NW,1,0,,
1116,B2_HC,PI,NW,1,0,,
1117,B2_HC,PI,NW,1,0,,
1118,B2_HC,PI,NW,1,0,,
1119,B2_HC,PI,NW,1,0,,
1120,B2_HC,PC,NAL,-1,0,,
1121,B2_HC,PI,NW,1,0,,
1122,B2_HC,PI,NW,1,0,,
1123,B2_HC,PI,GAL,-1,1,,
1124,B2_HC,PC,NAL,-1,0,,
1125,B2_HC,PI,GAL,-1,1,,
1126,B2_HC,PI,NW,1,0,,
1127,B2_HC,PI,NW,1,0,,
1128,B2_HC,PI,GAL,-1,1,,
1129,B2_HC,PI,NW,1,0,,
1130,B2_HC,PI,NW,1,0,,
1131,B2_HC,PI,GAL,-1,1,,
1132,B2_HC,PI,NW,1,0,,
1133,B2_HC,PC,NAL,-1,0,,
1134,B2_HC,PI,NW,1,0,,
1135,B2_HC,PI,NW,1,0,,
1136,B2_HC,PI,GAL,-1,1,,
1137,B2_HC,PI,NW,1,0,,
1138,B2_HC,PI,NW,1,0,,
1139,B2_HC,PC,GW,1,1,,
1140,B2_HC,PI,GAL,-1,1,,
1141,B2_HC,PI,GAL,-1,1,,
1142,B2_HC,PI,GAL,-1,1,,
1143,B2_HC,PI,NW,1,0,,
1144,B2_HC,PC,NAL,-1,0,,
1145,B2_HC,PC,GW,1,1,,
1146,B2_HC,PI,GAL,-1,1,,
1147,B2_HC,PI,GAL,-1,1,,
1148,B2_HC,PI,GAL,-1,1,,
1149,B2_HC,PI,NW,1,0,,
1150,B2_HC,PI,GAL,-1,1,,
1151,B2_HC,PI,GAL,-1,1,,
1152,B2_HC,PI,NW,1,0,,
1153,B2_HC,PI,NW,1,0,,
1154,B2_HC,PI,NW,1,0,,
1155,B2_HC,PI,NW,1,0,,
1156,B2_HC,PC,NAL,-1,0,,
1157,B2_HC,PI,NW,1,0,,
1158,B2_HC,PI,GAL,-1,1,,
1159,B2_HC,PI,GAL,-1,1,,
1160,B2_HC,PI,NW,1,0,,
1161,B2_HC,PI,NW,1,0,,
1162,B2_HC,PI,GAL,-1,1,,
1163,B2_HC,PI,GAL,-1,1,,
1164,B2_HC,PC,NAL,-1,0,,
1165,B2_HC,PC,NAL,-1,0,,
1166,B2_HC,PC,NAL,-1,0,,
1167,B2_HC,PI,GAL,-1,1,,
1168,B2_HC,PI,NW,1,0,,
1169,B2_HC,PC,GW,1,1,,
1170,B2_HC,PI,GAL,-1,1,,
1171,B2_HC,PC,GW,1,1,,
1172,B2_HC,PI,NW,1,0,,
1173,B2_HC,PI,GAL,-1,1,,
1174,B2_HC,PC,NAL,-1,0,,
1175,B2_HC,PI,GAL,-1,1,,
1176,B2_HC,PI,GAL,-1,1,,
1177,B2_HC,PI,NW,1,0,,
1178,B2_HC,PI,GAL,-1,1,,
1179,B2_HC,PC,NAL,-1,0,,
1180,B2_HC,PI,NW,1,0,,
1181,B2_HC,PC,GW,1,1,,
1182,B2_HC,PI,NW,1,0,,
1183,B2_HC,PC,NAL,-1,0,,
1184,B2_HC,PI,NW,1,0,,
1185,B2_HC,PI,NW,1,0,,
1186,B2_HC,PC,NAL,-1,0,,
1187,B2_HC,PI,GAL,-1,1,,
1188,B2_HC,PC,NAL,-1,0,,
1189,B2_HC,PI,GAL,-1,1,,
1190,B2_HC,PC,NAL,-1,0,,
1191,B2_HC,PC,NAL,-1,0,,
1192,B2_HC,PI,GAL,-1,1,,
1193,B2_HC,PI,GAL,-1,1,,
1194,B2_HC,PC,NAL,-1,0,,
1195,B2_HC,PI,GAL,-1,1,,
1196,B2_HC,PC,NAL,-1,0,,
1197,B2_HC,PI,NW,1,0,,
1198,B2_HC,PI,GAL,-1,1,,
1199,B2_HC,PI,GAL,-1,1,,
1200,B2_HC,PI,GAL,-1,1,,
1201,B2_HC,PI,NW,1,0,,
1202,B2_HC,PC,GW,1,1,,
1203,B2_HC,PI,NW,1,0,,
1204,B2_HC,PI,GAL,-1,1,,
1205,B2_HC,PC,GW,1,1,,
1206,B2_HC,PC,GW,1,1,,
1207,B2_HC,PI,NW,1,0,,
1208,B2_HC,PC,GW,1,1,,
1209,B2_HC,PI,GAL,-1,1,,
1210,B2_HC,PI,GAL,-1,1,,
1211,B2_HC,PC,NAL,-1,0,,
1212,B2_HC,PI,GAL,-1,1,,
1213,B2_HC,PC,GW,1,1,,
1214,B2_HC,PI,GAL,-1,1,,
1215,B2_HC,PI,NW,1,0,,
1216,B2_HC,PC,GW,1,1,,
1217,B2_HC,PC,NAL,-1,0,,
1218,B2_HC,PC,NAL,-1,0,,
1219,B2_HC,PI,NW,1,0,,
1220,B2_HC,PI,NW,1,0,,
1221,B2_HC,PI,NW,1,0,,
1222,B2_HC,PC,GW,1,1,,
1223,B2_HC,PC,GW,1,1,,
1224,B2_HC,PI,GAL,-1,1,,
1225,B2_HC,PC,GW,1,1,,
1226,B2_HC,PI,NW,1,0,,
1227,B2_HC,PI,NW,1,0,,
1228,B2_HC,PI,GAL,-1,1,,
1229,B2_HC,PI,NW,1,0,,
1230,B2_HC,PC,GW,1,1,,
1231,B2_HC,PI,GAL,-1,1,,
1232,B2_HC,PI,GAL,-1,1,,
1233,B2_HC,PI,NW,1,0,,
1234,B2_HC,PI,GAL,-1,1,,
1235,B2_HC,PC,NAL,-1,0,,
1236,B2_HC,PC,GW,1,1,,
1237,B2_HC,PI,NW,1,0,,
1238,B2_HC,PI,NW,1,0,,
1239,B2_HC,PI,GAL,-1,1,,
1240,B2_HC,PI,NW,1,0,,
1241,B2_HC,PI,GAL,-1,1,,
1242,B2_HC,PC,GW,1,1,,
1243,B2_HC,PI,GAL,-1,1,,
1244,B2_HC,PI,NW,1,0,,
1245,B2_HC,PI,GAL,-1,1,,
1246,B2_HC,PI,NW,1,0,,
1247,B2_HC,PI,GAL,-1,1,,
1248,B2_HC,PI,GAL,-1,1,,
1249,B2_HC,PI,NW,1,0,,
1250,B2_HC,PI,GAL,-1,1,,
1251,B2_HC,PI,GAL,-1,1,,
1252,B2_HC,PI,GAL,-1,1,,
1253,B2_HC,PI,NW,1,0,,
1254,B2_HC,PI,GAL,-1,1,,
1255,B2_HC,PC,GW,1,1,,
1256,B2_HC,PI,GAL,-1,1,,
1257,B2_HC,PI,GAL,-1,1,,
1258,B2_HC,PC,NAL,-1,0,,
1259,B2_HC,PI,NW,1,0,,
1260,B2_HC,PC,GW,1,1,,
1261,B2_HC,PC,NAL,-1,0,,
1262,B2_HC,PC,NAL,-1,0,,
1263,B2_HC,PC,NAL,-1,0,,
1264,B2_HC,PI,GAL,-1,1,,
1265,B2_HC,PI,NW,1,0,,
1266,B2_HC,PC,NAL,-1,0,,
1267,B2_HC,PI,GAL,-1,1,,
1268,B2_HC,PC,NAL,-1,0,,
1269,B2_HC,PC,NAL,-1,0,,
1270,B2_HC,PI,NW,1,0,,
1271,B2_HC,PI,NW,1,0,,
1272,B2_HC,PI,NW,1,0,,
1273,B2_HC,PI,GAL,-1,1,,
1274,B2_HC,PI,GAL,-1,1,,
1275,B2_HC,PI,GAL,-1,1,,
1276,B2_HC,PI,GAL,-1,1,,
1277,B2_HC,PI,GAL,-1,1,,
1278,B2_HC,PI,NW,1,0,,
1279,B2_HC,PC,GW,1,1,,
1280,B2_HC,PI,NW,1,0,,
1281,B2_HC,PC,NAL,-1,0,,
1282,B2_HC,PC,NAL,-1,0,,
1283,B2_HC,PC,NAL,-1,0,,
1284,B2_HC,PI,GAL,-1,1,,
1285,B2_HC,PC,GW,1,1,,
1286,B2_HC,PC,NAL,-1,0,,
1287,B2_HC,PC,NAL,-1,0,,
1288,B2_HC,PC,NAL,-1,0,,
1289,B2_HC,PI,GAL,-1,1,,
1290,B2_HC,PC,NAL,-1,0,,
1291,B2_HC,PC,GW,1,1,,
1292,B2_HC,PI,GAL,-1,1,,
1293,B2_HC,PI,GAL,-1,1,,
1294,B2_HC,PI,NW,1,0,,
1295,B2_HC,PC,GW,1,1,,
1296,B2_HC,PC,GW,1,1,,
1297,B2_HC,PC,GW,1,1,,
1298,B2_HC,PC,NAL,-1,0,,
1299,B2_HC,PC,NAL,-1,0,,
1300,B2_HC,PC,GW,1,1,,
1301,B2_HC,PI,GAL,-1,1,,
1302,B2_HC,PI,GAL,-1,1,,
1303,B2_HC,PI,GAL,-1,1,,
1304,B2_HC,PI,GAL,-1,1,,
1305,B2_HC,PI,GAL,-1,1,,
1306,B2_HC,PI,GAL,-1,1,,
1307,B2_HC,PI,NW,1,0,,
1308,B2_HC,PC,NAL,-1,0,,
1309,B2_HC,PC,GW,1,1,,
1310,B2_HC,PI,GAL,-1,1,,
1311,B2_HC,PI,GAL,-1,1,,
1312,B2_HC,PC,NAL,-1,0,,
1313,B2_HC,PI,NW,1,0,,
1314,B2_HC,PC,NAL,-1,0,,
1315,B2_HC,PC,GW,1,1,,
1316,B2_HC,PC,GW,1,1,,
1317,B2_HC,PC,NAL,-1,0,,
1318,B2_HC,PI,GAL,-1,1,,
1319,B2_HC,PI,GAL,-1,1,,
1320,B2_HC,PC,GW,1,1,,
1321,B2_HC,PI,GAL,-1,1,,
1322,B2_HC,PC,NAL,-1,0,,
1323,B2_HC,PI,GAL,-1,1,,
1324,B2_HC,PI,NW,1,0,,
1325,B2_HC,PI,GAL,-1,1,,
1326,B2_HC,PI,NW,1,0,,
1327,B2_HC,PC,NAL,-1,0,,
1328,B2_HC,PI,NW,1,0,,
1329,B2_HC,PI,GAL,-1,1,,
1330,B2_HC,PI,GAL,-1,1,,
1331,B2_HC,PI,NW,1,0,,
1332,B2_HC,PC,GW,1,1,,
1333,B2_HC,PC,GW,1,1,,
1334,B2_HC,PI,GAL,-1,1,,
1335,B2_HC,PC,NAL,-1,0,,
1336,B2_HC,PI,NW,1,0,,
1337,B2_HC,PI,NW,1,0,,
1338,B2_HC,PI,NW,1,0,,
1339,B2_HC,PI,GAL,-1,1,,
1340,B2_HC,PI,GAL,-1,1,,
1341,B2_HC,PI,GAL,-1,1,,
1342,B2_HC,PI,GAL,-1,1,,
1343,B2_HC,PI,GAL,-1,1,,
1344,B2_HC,PI,GAL,-1,1,,
1345,B2_HC,PI,NW,1,0,,
1346,B2_HC,PI,NW,1,0,,
1347,B2_HC,PI,GAL,-1,1,,
1348,B2_HC,PI,NW,1,0,,
1349,B2_HC,PI,NW,1,0,,
1350,B2_HC,PC,NAL,-1,0,,
1351,B2_HC,PC,GW,1,1,,
1352,B2_HC,PI,GAL,-1,1,,
1353,B2_HC,PC,GW,1,1,,
1354,B2_HC,PI,NW,1,0,,
1355,B2_HC,PI,GAL,-1,1,,
1356,B2_HC,PI,NW,1,0,,
1357,B2_HC,PI,GAL,-1,1,,
1358,B2_HC,PI,NW,1,0,,
1359,B2_HC,PI,GAL,-1,1,,
1360,B2_HC,PI,NW,1,0,,
1361,B2_HC,PI,GAL,-1,1,,
1362,B2_HC,PC,GW,1,1,,
1363,B2_HC,PI,NW,1,0,,
1364,B2_HC,PC,GW,1,1,,
1365,B2_HC,PI,GAL,-1,1,,
1366,B2_HC,PI,GAL,-1,1,,
1367,B2_HC,PI,NW,1,0,,
1368,B2_HC,PI,NW,1,0,,
1369,B2_HC,PI,NW,1,0,,
1370,B2_HC,PC,GW,1,1,,
1371,B2_HC,PI,GAL,-1,1,,
1372,B2_HC,PI,NW,1,0,,
1373,B2_HC,PI,GAL,-1,1,,
1374,B2_HC,PI,GAL,-1,1,,
1375,B2_HC,PI,GAL,-1,1,,
1376,B2_HC,PI,GAL,-1,1,,
1377,B2_HC,PC,GW,1,1,,
1378,B2_HC,PC,GW,1,1,,
1379,B2_HC,PI,GAL,-1,1,,
1380,B2_HC,PI,GAL,-1,1,,
1381,B2_HC,PC,NAL,-1,0,,
1382,B2_HC,PI,GAL,-1,1,,
1383,B2_HC,PI,GAL,-1,1,,
1384,B2_HC,PC,GW,1,1,,
1385,B2_HC,PI,NW,1,0,,
1386,B2_HC,PI,NW,1,0,,
1387,B2_HC,PC,NAL,-1,0,,
1388,B2_HC,PI,NW,1,0,,
1389,B2_HC,PI,GAL,-1,1,,
1390,B2_HC,PI,NW,1,0,,
1391,B2_HC,PI,GAL,-1,1,,
1392,B2_HC,PI,NW,1,0,,
1393,B2_HC,PI,GAL,-1,1,,
1394,B2_HC,PI,GAL,-1,1,,
1395,B2_HC,PI,NW,1,0,,
1396,B2_HC,PI,NW,1,0,,
1397,B2_HC,PI,NW,1,0,,
1398,B2_HC,PI,GAL,-1,1,,
1399,B2_HC,PI,GAL,-1,1,,
1400,B2_HC,PI,GAL,-1,1,,
1401,B2_HC,PI,GAL,-1,1,,
1402,B2_HC,PI,GAL,-1,1,,
1403,B2_HC,PI,GAL,-1,1,,
1404,B2_HC,PI,NW,1,0,,
1405,B2_HC,PC,GW,1,1,,
1406,B2_HC,PI,NW,1,0,,
1407,B2_HC,PC,NAL,-1,0,,
1408,B2_HC,PI,NW,1,0,,
1409,B2_HC,PI,NW,1,0,,
1410,B2_HC,PC,GW,1,1,,
1411,B2_HC,PI,GAL,-1,1,,
1412,B2_HC,PI,NW,1,0,,
1413,B2_HC,PC,GW,1,1,,
1414,B2_HC,PI,GAL,-1,1,,
1415,B2_HC,PC,NAL,-1,0,,
1416,B2_HC,PI,NW,1,0,,
1417,B2_HC,PC,NAL,-1,0,,
1418,B2_HC,PI,NW,1,0,,
1419,B2_HC,PI,NW,1,0,,
1420,B2_HC,PI,NW,1,0,,
1421,B2_HC,PI,NW,1,0,,
1422,B2_HC,PC,GW,1,1,,
1423,B2_HC,PI,GAL,-1,1,,
1424,B2_HC,PI,NW,1,0,,
1425,B2_HC,PC,GW,1,1,,
1426,B2_HC,PI,GAL,-1,1,,
1427,B2_HC,PC,NAL,-1,0,,
1428,B2_HC,PI,GAL,-1,1,,
1429,B2_HC,PI,NW,1,0,,
1430,B2_HC,PI,GAL,-1,1,,
1431,B2_HC,PI,NW,1,0,,
1432,B2_HC,PI,NW,1,0,,
1433,B2_HC,PI,GAL,-1,1,,
1434,B2_HC,PI,NW,1,0,,
1435,B2_HC,PI,NW,1,0,,
1436,B2_HC,PI,NW,1,0,,
1437,B2_HC,PI,GAL,-1,1,,
1438,B2_HC,PI,GAL,-1,1,,
1439,B2_HC,PI,GAL,-1,1,,
1440,B2_HC,PI,GAL,-1,1,,
1441,B2_HC,PC,NAL,-1,0,,
1442,B2_HC,PI,NW,1,0,,
1443,B2_HC,PI,GAL,-1,1,,
1444,B2_HC,PI,NW,1,0,,
1445,B2_HC,PC,NAL,-1,0,,
1446,B2_HC,PI,NW,1,0,,
1447,B2_HC,PC,NAL,-1,0,,
1448,B2_HC,PI,NW,1,0,,
1449,B2_HC,PI,GAL,-1,1,,
1450,B2_HC,PI,NW,1,0,,
1451,B2_HC,PC,GW,1,1,,
1452,B2_HC,PI,GAL,-1,1,,
1453,B2_HC,PC,GW,1,1,,
1454,B2_HC,PI,GAL,-1,1,,
1455,B2_HC,PI,GAL,-1,1,,
1456,B2_HC,PI,GAL,-1,1,,
1457,B2_HC,PC,GW,1,1,,
1458,B2_HC,PI,NW,1,0,,
1459,B2_HC,PI,NW,1,0,,
1460,B2_HC,PC,GW,1,1,,
1461,B2_HC,PI,NW,1,0,,
1462,B2_HC,PI,GAL,-1,1,,
1463,B2_HC,PI,NW,1,0,,
1464,B2_HC,PI,NW,1,0,,
1465,B2_HC,PC,NAL,-1,0,,
1466,B2_HC,PC,GW,1,1,,
1467,B2_HC,PI,NW,1,0,,
1468,B2_HC,PI,GAL,-1,1,,
1469,B2_HC,PI,NW,1,0,,
1470,B2_HC,PI,NW,1,0,,
1471,B2_HC,PC,NAL,-1,0,,
1472,B2_HC,PC,NAL,-1,0,,
1473,B2_HC,PI,NW,1,0,,
1474,B2_HC,PI,GAL,-1,1,,
1475,B2_HC,PI,GAL,-1,1,,
1476,B2_HC,PI,NW,1,0,,
1477,B2_HC,PC,GW,1,1,,
1478,B2_HC,PI,NW,1,0,,
1479,B2_HC,PI,NW,1,0,,
1480,B2_HC,PC,NAL,-1,0,,
1481,B2_HC,PC,NAL,-1,0,,
1482,B2_HC,PC,GW,1,1,,
1483,B2_HC,PI,NW,1,0,,
1484,B2_HC,PC,GW,1,1,,
1485,B2_HC,PI,NW,1,0,,
1486,B2_HC,PI,GAL,-1,1,,
1487,B2_HC,PI,NW,1,0,,
1488,B2_HC,PC,NAL,-1,0,,
1489,B2_HC,PI,NW,1,0,,
1490,B2_HC,PC,GW,1,1,,
1491,B2_HC,PI,NW,1,0,,
1492,B2_HC,PC,GW,1,1,,
1493,B2_HC,PI,GAL,-1,1,,
1494,B2_HC,PI,GAL,-1,1,,
1495,B2_HC,PI,GAL,-1,1,,
1496,B2_HC,PI,GAL,-1,1,,
1497,B2_HC,PI,NW,1,0,,
1498,B2_HC,PI,NW,1,0,,
1499,B2_HC,PC,NAL,-1,0,,
1500,B2_HC,PC,NAL,-1,0,,
1501,B2_HC,PI,NW,1,0,,
1502,B2_HC,PC,NAL,-1,0,,
1503,B2_HC,PI,GAL,-1,1,,
1504,B2_HC,PC,NAL,-1,0,,
1505,B2_HC,PI,NW,1,0,,
1506,B2_HC,PI,NW,1,0,,
1507,B2_HC,PC,GW,1,1,,
1508,B2_HC,PC,GW,1,1,,
1509,B2_HC,PI,GAL,-1,1,,
1510,B2_HC,PC,NAL,-1,0,,
1511,B2_HC,PI,NW,1,0,,
1512,B2_HC,PC,GW,1,1,,
1513,B2_HC,PI,NW,1,0,,
1514,B2_HC,PI,GAL,-1,1,,
1515,B2_HC,PI,GAL,-1,1,,
1516,B2_HC,PC,NAL,-1,0,,
1517,B2_HC,PI,GAL,-1,1,,
1518,B2_HC,PI,NW,1,0,,
1519,B2_HC,PC,GW,1,1,,
1520,B2_HC,PC,GW,1,1,,
1521,B2_HC,PC,NAL,-1,0,,
1522,B2_HC,PI,GAL,-1,1,,
1523,B2_HC,PI,GAL,-1,1,,
1524,B2_HC,PI,GAL,-1,1,,
1525,B2_HC,PI,NW,1,0,,
1526,B2_HC,PI,NW,1,0,,
1527,B2_HC,PC,NAL,-1,0,,
1528,B2_HC,PI,NW,1,0,,
1529,B2_HC,PI,NW,1,0,,
1530,B2_HC,PI,NW,1,0,,
1531,B2_HC,PI,NW,1,0,,
1532,B2_HC,PI,GAL,-1,1,,
1533,B2_HC,PI,NW,1,0,,
1534,B2_HC,PI,NW,1,0,,
1535,B2_HC,PI,GAL,-1,1,,
1536,B2_HC,PC,NAL,-1,0,,
1537,B2_HC,PC,NAL,-1,0,,
1538,B2_HC,PI,GAL,-1,1,,
1539,B2_HC,PI,GAL,-1,1,,
1540,B2_HC,PC,GW,1,1,,
1541,B2_HC,PI,GAL,-1,1,,
1542,B2_HC,PI,GAL,-1,1,,
1543,B2_HC,PC,GW,1,1,,
1544,B2_HC,PI,NW,1,0,,
1545,B2_HC,PI,NW,1,0,,
1546,B2_HC,PI,NW,1,0,,
1547,B2_HC,PI,GAL,-1,1,,
1548,B2_HC,PI,GAL,-1,1,,
1549,B2_HC,PI,GAL,-1,1,,
1550,B2_HC,PI,NW,1,0,,
1551,B2_HC,PI,GAL,-1,1,,
1552,B2_HC,PC,NAL,-1,0,,
1553,B2_HC,PI,NW,1,0,,
1554,B2_HC,PC,NAL,-1,0,,
1555,B2_HC,PC,GW,1,1,,
1556,B2_HC,PI,GAL,-1,1,,
1557,B2_HC,PI,NW,1,0,,
1558,B2_HC,PI,NW,1,0,,
1559,B2_HC,PI,NW,1,0,,
1560,B2_HC,PI,NW,1,0,,
1561,B2_HC,PI,GAL,-1,1,,
1562,B2_HC,PI,GAL,-1,1,,
1563,B2_HC,PI,NW,1,0,,
1564,B2_HC,PI,GAL,-1,1,,
1565,B2_HC,PI,NW,1,0,,
1566,B2_HC,PC,NAL,-1,0,,
1567,B2_HC,PC,GW,1,1,,
1568,B2_HC,PI,NW,1,0,,
1569,B2_HC,PC,NAL,-1,0,,
1570,B2_HC,PI,NW,1,0,,
1571,B2_HC,PI,GAL,-1,1,,
1572,B2_HC,PC,NAL,-1,0,,
1573,B2_HC,PI,GAL,-1,1,,
1574,B2_HC,PC,GW,1,1,,
1575,B2_HC,PI,GAL,-1,1,,
1576,B2_HC,PC,GW,1,1,,
1577,B2_HC,PC,GW,1,1,,
1578,B2_HC,PC,GW,1,1,,
1579,B2_HC,PI,NW,1,0,,
1580,B2_HC,PC,NAL,-1,0,,
1581,B2_HC,PC,GW,1,1,,
1582,B2_HC,PC,GW,1,1,,
1583,B2_HC,PC,GW,1,1,,
1584,B2_HC,PC,GW,1,1,,
1585,B2_HC,PI,NW,1,0,,
1586,B2_HC,PC,NAL,-1,0,,
1587,B2_HC,PI,NW,1,0,,
1588,B2_HC,PI,GAL,-1,1,,
1589,B2_HC,PI,GAL,-1,1,,
1590,B2_HC,PI,NW,1,0,,
1591,B2_HC,PI,NW,1,0,,
1592,B2_HC,PI,GAL,-1,1,,
1593,B2_HC,PI,GAL,-1,1,,
1594,B2_HC,PI,NW,1,0,,
1595,B2_HC,PI,GAL,-1,1,,
1596,B2_HC,PI,GAL,-1,1,,
1597,B2_HC,PI,GAL,-1,1,,
1598,B2_HC,PC,GW,1,1,,
1599,B2_HC,PI,NW,1,0,,
1600,B2_HC,PI,NW,1,0,,
1601,B2_HC,PI,NW,1,0,,
1602,B2_HC,PI,GAL,-1,1,,
1603,B2_HC,PI,GAL,-1,1,,
1604,B2_HC,PC,GW,1,1,,
1605,B2_HC,PI,GAL,-1,1,,
1606,B2_HC,PC,GW,1,1,,
1607,B2_HC,PC,GW,1,1,,
1608,B2_HC,PI,NW,1,0,,
1609,B2_HC,PI,GAL,-1,1,,
1610,B2_HC,PC,NAL,-1,0,,
1611,B2_HC,PC,NAL,-1,0,,
1612,B2_HC,PC,NAL,-1,0,,
1613,B2_HC,PI,NW,1,0,,
1614,B2_HC,PC,NAL,-1,0,,
1615,B2_HC,PI,GAL,-1,1,,
1616,B2_HC,PI,GAL,-1,1,,
1617,B2_HC,PI,NW,1,0,,
1618,B2_HC,PI,GAL,-1,1,,
1619,B2_HC,PI,GAL,-1,1,,
1620,B2_HC,PC,NAL,-1,0,,
1621,B2_HC,PI,NW,1,0,,
1622,B2_HC,PI,NW,1,0,,
1623,B2_HC,PI,NW,1,0,,
1624,B2_HC,PC,GW,1,1,,
1625,B2_HC,PI,NW,1,0,,
1626,B2_HC,PC,GW,1,1,,
1627,B2_HC,PC,NAL,-1,0,,
1628,B2_HC,PI,GAL,-1,1,,
1629,B2_HC,PI,GAL,-1,1,,
1630,B2_HC,PC,NAL,-1,0,,
1631,B2_HC,PI,GAL,-1,1,,
1632,B2_HC,PI,GAL,-1,1,,
1633,B2_HC,PI,NW,1,0,,
1634,B2_HC,PI,NW,1,0,,
1635,B2_HC,PC,GW,1,1,,
1636,B2_HC,PI,NW,1,0,,
1637,B2_HC,PC,NAL,-1,0,,
1638,B2_HC,PC,GW,1,1,,
1639,B2_HC,PC,NAL,-1,0,,
1640,B2_HC,PI,NW,1,0,,
1641,B2_HC,PC,NAL,-1,0,,
1642,B2_HC,PI,GAL,-1,1,,
1643,B2_HC,PI,GAL,-1,1,,
1644,B2_HC,PI,GAL,-1,1,,
1645,B2_HC,PI,GAL,-1,1,,
1646,B2_HC,PC,GW,1,1,,
1647,B2_HC,PI,NW,1,0,,
1648,B2_HC,PI,GAL,-1,1,,
1649,B2_HC,PI,GAL,-1,1,,
1650,B2_HC,PC,GW,1,1,,
1651,B2_HC,PI,NW,1,0,,
1652,B2_HC,PI,GAL,-1,1,,
1653,B2_HC,PI,GAL,-1,1,,
1654,B2_HC,PI,GAL,-1,1,,
1655,B2_HC,PI,NW,1,0,,
1656,B2_HC,PI,NW,1,0,,
1657,B2_HC,PI,NW,1,0,,
1658,B2_HC,PI,GAL,-1,1,,
1659,B2_HC,PI,NW,1,0,,
1660,B2_HC,PI,NW,1,0,,
1661,B2_HC,PI,NW,1,0,,
1662,B2_HC,PI,GAL,-1,1,,
1663,B2_HC,PC,GW,1,1,,
1664,B2_HC,PC,NAL,-1,0,,
1665,B2_HC,PI,GAL,-1,1,,
1666,B2_HC,PI,NW,1,0,,
1667,B2_HC,PI,GAL,-1,1,,
1668,B2_HC,PI,GAL,-1,1,,
1669,B2_HC,PI,NW,1,0,,
1670,B2_HC,PI,NW,1,0,,
1671,B2_HC,PC,NAL,-1,0,,
1672,B2_HC,PI,NW,1,0,,
1673,B2_HC,PI,GAL,-1,1,,
1674,B2_HC,PI,NW,1,0,,
1675,B2_HC,PI,NW,1,0,,
1676,B2_HC,PC,GW,1,1,,
1677,B2_HC,PI,GAL,-1,1,,
1678,B2_HC,PI,NW,1,0,,
1679,B2_HC,PI,NW,1,0,,
1680,B2_HC,PI,GAL,-1,1,,
1681,B2_HC,PI,NW,1,0,,
1682,B2_HC,PI,NW,1,0,,
1683,B2_HC,PI,GAL,-1,1,,
1684,B2_HC,PC,GW,1,1,,
1685,B2_HC,PI,GAL,-1,1,,
1686,B2_HC,PI,NW,1,0,,
1687,B2_HC,PI,NW,1,0,,
1688,B2_HC,PI,GAL,-1,1,,
1689,B2_HC,PI,NW,1,0,,
1690,B2_HC,PI,GAL,-1,1,,
1691,B2_HC,PC,GW,1,1,,
1692,B2_HC,PC,GW,1,1,,
1693,B2_HC,PI,NW,1,0,,
1694,B2_HC,PI,GAL,-1,1,,
1695,B2_HC,PI,NW,1,0,,
1696,B2_HC,PI,NW,1,0,,
1697,B2_HC,PC,GW,1,1,,
1698,B2_HC,PC,NAL,-1,0,,
1699,B2_HC,PI,GAL,-1,1,,
1700,B2_HC,PC,GW,1,1,,
1701,B2_HC,PC,GW,1,1,,
1702,B2_HC,PI,NW,1,0,,
1703,B2_HC,PI,NW,1,0,,
1704,B2_HC,PI,NW,1,0,,
1705,B2_HC,PC,NAL,-1,0,,
1706,B2_HC,PI,NW,1,0,,
1707,B2_HC,PC,GW,1,1,,
1708,B2_HC,PC,NAL,-1,0,,
1709,B2_HC,PI,NW,1,0,,
1710,B2_HC,PI,GAL,-1,1,,
1711,B2_HC,PC,NAL,-1,0,,
1712,B2_HC,PI,GAL,-1,1,,
1713,B2_HC,PC,GW,1,1,,
1714,B2_HC,PI,GAL,-1,1,,
1715,B2_HC,PI,GAL,-1,1,,
1716,B2_HC,PI,GAL,-1,1,,
1717,B2_HC,PC,GW,1,1,,
1718,B2_HC,PI,GAL,-1,1,,
1719,B2_HC,PI,NW,1,0,,
1720,B2_HC,PI,NW,1,0,,
1721,B2_HC,PI,NW,1,0,,
1722,B2_HC,PC,NAL,-1,0,,
1723,B2_HC,PC,NAL,-1,0,,
1724,B2_HC,PI,GAL,-1,1,,
1725,B2_HC,PI,NW,1,0,,
1726,B2_HC,PI,NW,1,0,,
1727,B2_HC,PI,GAL,-1,1,,
1728,B2_HC,PI,GAL,-1,1,,
1729,B2_HC,PC,NAL,-1,0,,
1730,B2_HC,PI,NW,1,0,,
1731,B2_HC,PI,NW,1,0,,
1732,B2_HC,PC,NAL,-1,0,,
1733,B2_HC,PC,GW,1,1,,
1734,B2_HC,PI,GAL,-1,1,,
1735,B2_HC,PI,NW,1,0,,
1736,B2_HC,PI,NW,1,0,,
1737,B2_HC,PI,NW,1,0,,
1738,B2_HC,PI,GAL,-1,1,,
1739,B2_HC,PI,NW,1,0,,
1740,B2_HC,PC,NAL,-1,0,,
1741,B2_HC,PI,GAL,-1,1,,
1742,B2_HC,PI,GAL,-1,1,,
1743,B2_HC,PI,GAL,-1,1,,
1744,B2_HC,PI,NW,1,0,,
1745,B2_HC,PI,NW,1,0,,
1746,B2_HC,PC,NAL,-1,0,,
1747,B2_HC,PI,GAL,-1,1,,
1748,B2_HC,PI,GAL,-1,1,,
1749,B2_HC,PI,NW,1,0,,
1750,B2_HC,PI,GAL,-1,1,,
1751,B2_HC,PI,NW,1,0,,
1752,B2_HC,PI,NW,1,0,,
1753,B2_HC,PI,NW,1,0,,
1754,B2_HC,PI,GAL,-1,1,,
1755,B2_HC,PI,GAL,-1,1,,
1756,B2_HC,PI,GAL,-1,1,,
1757,B2_HC,PI,GAL,-1,1,,
1758,B2_HC,PC,GW,1,1,,
1759,B2_HC,PC,NAL,-1,0,,
1760,B2_HC,PC,GW,1,1,,
1761,B2_HC,PI,NW,1,0,,
1762,B2_HC,PI,NW,1,0,,
1763,B2_HC,PI,GAL,-1,1,,
1764,B2_HC,PI,GAL,-1,1,,
1765,B2_HC,PI,NW,1,0,,
1766,B2_HC,PI,GAL,-1,1,,
1767,B2_HC,PI,GAL,-1,1,,
1768,B2_HC,PI,NW,1,0,,
1769,B2_HC,PI,NW,1,0,,
1770,B2_HC,PI,NW,1,0,,
1771,B2_HC,PI,GAL,-1,1,,
1772,B2_HC,PI,NW,1,0,,
1773,B2_HC,PI,NW,1,0,,
1774,B2_HC,PI,NW,1,0,,
1775,B2_HC,PI,GAL,-1,1,,
1776,B2_HC,PI,NW,1,0,,
1777,B2_HC,PC,GW,1,1,,
1778,B2_HC,PI,GAL,-1,1,,
1779,B2_HC,PI,NW,1,0,,
1780,B2_HC,PI,GAL,-1,1,,
1781,B2_HC,PC,NAL,-1,0,,
1782,B2_HC,PI,GAL,-1,1,,
1783,B2_HC,PC,GW,1,1,,
1784,B2_HC,PI,NW,1,0,,
1785,B2_HC,PC,GW,1,1,,
1786,B2_HC,PI,NW,1,0,,
1787,B2_HC,PI,GAL,-1,1,,
1788,B2_HC,PI,NW,1,0,,
1789,B2_HC,PI,NW,1,0,,
1790,B2_HC,PI,GAL,-1,1,,
1791,B2_HC,PC,NAL,-1,0,,
1792,B2_HC,PC,GW,1,1,,
1793,B2_HC,PI,GAL,-1,1,,
1794,B2_HC,PI,NW,1,0,,
1795,B2_HC,PI,GAL,-1,1,,
1796,B2_HC,PI,NW,1,0,,
1797,B2_HC,PI,NW,1,0,,
1798,B2_HC,PC,NAL,-1,0,,
1799,B2_HC,PC,NAL,-1,0,,
1800,B2_HC,PI,NW,1,0,,
1801,B2_HC,PI,GAL,-1,1,,
1802,B2_HC,PI,GAL,-1,1,,
1803,B2_HC,PI,GAL,-1,1,,
1804,B2_HC,PI,GAL,-1,1,,
1805,B2_HC,PI,NW,1,0,,
1806,B2_HC,PI,GAL,-1,1,,
1807,B2_HC,PC,NAL,-1,0,,
1808,B2_HC,PC,GW,1,1,,
1809,B2_HC,PI,GAL,-1,1,,
1810,B2_HC,PI,NW,1,0,,
1811,B2_HC,PC,NAL,-1,0,,
1812,B2_HC,PC,NAL,-1,0,,
1813,B2_HC,PI,GAL,-1,1,,
1814,B2_HC,PC,NAL,-1,0,,
1815,B2_HC,PI,GAL,-1,1,,
1816,B2_HC,PI,NW,1,0,,
1817,B2_HC,PI,NW,1,0,,
1818,B2_HC,PI,NW,1,0,,
1819,B2_HC,PC,GW,1,1,,
1820,B2_HC,PI,GAL,-1,1,,
1821,B2_HC,PC,NAL,-1,0,,
1822,B2_HC,PI,NW,1,0,,
1823,B2_HC,PI,GAL,-1,1,,
1824,B2_HC,PI,NW,1,0,,
1825,B2_HC,PC,GW,1,1,,
1826,B2_HC,PC,NAL,-1,0,,
1827,B2_HC,PI,GAL,-1,1,,
1828,B2_HC,PI,NW,1,0,,
1829,B2_HC,PI,NW,1,0,,
1830,B2_HC,PI,NW,1,0,,
1831,B2_HC,PI,NW,1,0,,
1832,B2_HC,PC,NAL,-1,0,,
1833,B2_HC,PC,GW,1,1,,
1834,B2_HC,PC,GW,1,1,,
1835,B2_HC,PI,NW,1,0,,
1836,B2_HC,PI,NW,1,0,,
1837,B2_HC,PC,GW,1,1,,
1838,B2_HC,PC,NAL,-1,0,,
1839,B2_HC,PI,NW,1,0,,
1840,B2_HC,PI,NW,1,0,,
1841,B2_HC,PI,GAL,-1,1,,
1842,B2_HC,PI,NW,1,0,,
1843,B2_HC,PI,GAL,-1,1,,
1844,B2_HC,PI,NW,1,0,,
1845,B2_HC,PI,NW,1,0,,
1846,B2_HC,PI,NW,1,0,,
1847,B2_HC,PI,GAL,-1,1,,
1848,B2_HC,PI,GAL,-1,1,,
1849,B2_HC,PI,NW,1,0,,
1850,B2_HC,PI,NW,1,0,,
1851,B2_HC,PI,GAL,-1,1,,
1852,B2_HC,PI,GAL,-1,1,,
1853,B2_HC,PC,GW,1,1,,
1854,B2_HC,PI,GAL,-1,1,,
1855,B2_HC,PI,GAL,-1,1,,
1856,B2_HC,PI,NW,1,0,,
1857,B2_HC,PI,NW,1,0,,
1858,B2_HC,PI,NW,1,0,,
1859,B2_HC,PI,GAL,-1,1,,
1860,B2_HC,PC,NAL,-1,0,,
1861,B2_HC,PI,NW,1,0,,
1862,B2_HC,PC,GW,1,1,,
1863,B2_HC,PI,GAL,-1,1,,
1864,B2_HC,PC,GW,1,1,,
1865,B2_HC,PI,NW,1,0,,
1866,B2_HC,PI,NW,1,0,,
1867,B2_HC,PI,NW,1,0,,
1868,B2_HC,PI,NW,1,0,,
1869,B2_HC,PC,GW,1,1,,
1870,B2_HC,PC,NAL,-1,0,,
1871,B2_HC,PI,GAL,-1,1,,
1872,B2_HC,PI,GAL,-1,1,,
1873,B2_HC,PC,NAL,-1,0,,
1874,B2_HC,PC,NAL,-1,0,,
1875,B2_HC,PC,GW,1,1,,
1876,B2_HC,PI,GAL,-1,1,,
1877,B2_HC,PI,GAL,-1,1,,
1878,B2_HC,PI,NW,1,0,,
1879,B2_HC,PC,GW,1,1,,
1880,B2_HC,PI,NW,1,0,,
1881,B2_HC,PI,GAL,-1,1,,
1882,B2_HC,PI,GAL,-1,1,,
1883,B2_HC,PC,GW,1,1,,
1884,B2_HC,PI,NW,1,0,,
1885,B2_HC,PI,NW,1,0,,
1886,B2_HC,PI,NW,1,0,,
1887,B2_HC,PI,NW,1,0,,
1888,B2_HC,PI,NW,1,0,,
1889,B2_HC,PI,GAL,-1,1,,
1890,B2_HC,PI,NW,1,0,,
1891,B2_HC,PI,GAL,-1,1,,
1892,B2_HC,PC,GW,1,1,,
1893,B2_HC,PI,GAL,-1,1,,
1894,B2_HC,PC,GW,1,1,,
1895,B2_HC,PI,GAL,-1,1,,
1896,B2_HC,PI,GAL,-1,1,,
1897,B2_HC,PI,NW,1,0,,
1898,B2_HC,PI,GAL,-1,1,,
1899,B2_HC,PI,GAL,-1,1,,
1900,B2_HC,PI,GAL,-1,1,,
1901,B2_HC,PC,GW,1,1,,
1902,B2_HC,PI,GAL,-1,1,,
1903,B2_HC,PC,NAL,-1,0,,
1904,B2_HC,PI,NW,1,0,,
1905,B2_HC,PI,NW,1,0,,
1906,B2_HC,PI,NW,1,0,,
1907,B2_HC,PI,NW,1,0,,
1908,B2_HC,PI,GAL,-1,1,,
1909,B2_HC,PI,NW,1,0,,
1910,B2_HC,PC,GW,1,1,,
1911,B2_HC,PI,GAL,-1,1,,
1912,B2_HC,PI,NW,1,0,,
1913,B2_HC,PI,NW,1,0,,
1914,B2_HC,PI,NW,1,0,,
1915,B2_HC,PC,NAL,-1,0,,
1916,B2_HC,PI,GAL,-1,1,,
1917,B2_HC,PI,GAL,-1,1,,
1918,B2_HC,PI,GAL,-1,1,,
1919,B2_HC,PI,GAL,-1,1,,
1920,B2_HC,PI,GAL,-1,1,,
1921,B2_HC,PI,GAL,-1,1,,
1922,B2_HC,PI,GAL,-1,1,,
1923,B2_HC,PC,GW,1,1,,
1924,B2_HC,PC,NAL,-1,0,,
1925,B2_HC,PI,GAL,-1,1,,
1926,B2_HC,PI,GAL,-1,1,,
1927,B2_HC,PI,GAL,-1,1,,
1928,B2_HC,PI,NW,1,0,,
1929,B2_HC,PI,NW,1,0,,
1930,B2_HC,PC,NAL,-1,0,,
1931,B2_HC,PI,GAL,-1,1,,
1932,B2_HC,PI,GAL,-1,1,,
1933,B2_HC,PI,NW,1,0,,
1934,B2_HC,PC,GW,1,1,,
1935,B2_HC,PI,NW,1,0,,
1936,B2_HC,PI,GAL,-1,1,,
1937,B2_HC,PI,NW,1,0,,
1938,B2_HC,PI,NW,1,0,,
1939,B2_HC,PI,NW,1,0,,
1940,B2_HC,PC,NAL,-1,0,,
1941,B2_HC,PC,NAL,-1,0,,
1942,B2_HC,PC,NAL,-1,0,,
1943,B2_HC,PI,GAL,-1,1,,
1944,B2_HC,PI,NW,1,0,,
1945,B2_HC,PI,GAL,-1,1,,
1946,B2_HC,PC,NAL,-1,0,,
1947,B2_HC,PI,GAL,-1,1,,
1948,B2_HC,PI,GAL,-1,1,,
1949,B2_HC,PI,GAL,-1,1,,
1950,B2_HC,PI,GAL,-1,1,,
1951,B2_HC,PC,NAL,-1,0,,
1952,B2_HC,PI,NW,1,0,,
1953,B2_HC,PI,NW,1,0,,
1954,B2_HC,PI,GAL,-1,1,,
1955,B2_HC,PC,NAL,-1,0,,
1956,B2_HC,PC,NAL,-1,0,,
1957,B2_HC,PC,NAL,-1,0,,
1958,B2_HC,PI,NW,1,0,,
1959,B2_HC,PI,GAL,-1,1,,
1960,B2_HC,PI,NW,1,0,,
1961,B2_HC,PI,GAL,-1,1,,
1962,B2_HC,PI,GAL,-1,1,,
1963,B2_HC,PC,NAL,-1,0,,
1964,B2_HC,PC,NAL,-1,0,,
1965,B2_HC,PI,GAL,-1,1,,
1966,B2_HC,PI,NW,1,0,,
1967,B2_HC,PI,GAL,-1,1,,
1968,B2_HC,PC,NAL,-1,0,,
1969,B2_HC,PI,GAL,-1,1,,
1970,B2_HC,PI,GAL,-1,1,,
1971,B2_HC,PI,NW,1,0,,
1972,B2_HC,PI,NW,1,0,,
1973,B2_HC,PI,NW,1,0,,
1974,B2_HC,PC,NAL,-1,0,,
1975,B2_HC,PC,NAL,-1,0,,
1976,B2_HC,PI,GAL,-1,1,,
1977,B2_HC,PC,GW,1,1,,
1978,B2_HC,PI,GAL,-1,1,,
1979,B2_HC,PI,NW,1,0,,
1980,B2_HC,PI,NW,1,0,,
1981,B2_HC,PI,NW,1,0,,
1982,B2_HC,PI,NW,1,0,,
1983,B2_HC,PI,NW,1,0,,
1984,B2_HC,PI,NW,1,0,,
1985,B2_HC,PC,NAL,-1,0,,
1986,B2_HC,PI,NW,1,0,,
1987,B2_HC,PI,GAL,-1,1,,
1988,B2_HC,PC,GW,1,1,,
1989,B2_HC,PC,GW,1,1,,
1990,B2_HC,PC,GW,1,1,,
1991,B2_HC,PI,GAL,-1,1,,
1992,B2_HC,PI,GAL,-1,1,,
1993,B2_HC,PI,NW,1,0,,
1994,B2_HC,PC,GW,1,1,,
1995,B2_HC,PI,NW,1,0,,
1996,B2_HC,PI,NW,1,0,,
1997,B2_HC,PI,GAL,-1,1,,
1998,B2_HC,PI,NW,1,0,,
1999,B2_HC,PC,GW,1,1,,
2000,B2_HC,PI,GAL,-1,1,,
2001,B4_LC,PC,GW,1,1,,
2002,B4_LC,PI,GAL,-1,1,,
2003,B4_LC,PC,GW,1,1,,
2004,B4_LC,PC,NAL,-1,0,,
2005,B4_LC,PI,NW,1,0,,
2006,B4_LC,PI,NW,1,0,,
2007,B4_LC,PC,NAL,-1,0,,
2008,B4_LC,PC,NAL,-1,0,,
2009,B4_LC,PC,NAL,-1,0,,
2010,B4_LC,PC,NAL,-1,0,,
2011,B4_LC,PC,GW,1,1,,
2012,B4_LC,PC,NAL,-1,0,,
2013,B4_LC,PC,GW,1,1,,
2014,B4_LC,PC,GW,1,1,,
2015,B4_LC,PC,GW,1,1,,
2016,B4_LC,PC,GW,1,1,,
2017,B4_LC,PC,GW,1,1,,
2018,B4_LC,PC,NAL,-1,0,,
2019,B4_LC,PC,NAL,-1,0,,
2020,B4_LC,PC,GW,1,1,,
2021,B4_LC,PC,NAL,-1,0,,
2022,B4_LC,PI,NW,1,0,,
2023,B4_LC,PC,NAL,-1,0,,
2024,B4_LC,PC,NAL,-1,0,,
2025,B4_LC,PC,GW,1,1,,
2026,B4_LC,PC,NAL,-1,0,,
2027,B4_LC,PC,GW,1,1,,
2028,B4_LC,PC,GW,1,1,,
2029,B4_LC,PC,GW,1,1,,
2030,B4_LC,PC,GW,1,1,,
2031,B4_LC,PC,GW,1,1,,
2032,B4_LC,PI,GAL,-1,1,,
2033,B4_LC,PC,NAL,-1,0,,
2034,B4_LC,PC,NAL,-1,0,,
2035,B4_LC,PC,GW,1,1,,
2036,B4_LC,PC,NAL,-1,0,,
2037,B4_LC,PC,NAL,-1,0,,
2038,B4_LC,PC,GW,1,1,,
2039,B4_LC,PC,GW,1,1,,
2040,B4_LC,PC,NAL,-1,0,,
2041,B4_LC,PI,NW,1,0,,
2042,B4_LC,PC,GW,1,1,,
2043,B4_LC,PC,NAL,-1,0,,
2044,B4_LC,PC,GW,1,1,,
2045,B4_LC,PI,GAL,-1,1,,
2046,B4_LC,PC,NAL,-1,0,,
2047,B4_LC,PC,GW,1,1,,
2048,B4_LC,PC,NAL,-1,0,,
2049,B4_LC,PC,GW,1,1,,
2050,B4_LC,PC,GW,1,1,,
2051,B4_LC,PI,NW,1,0,,
2052,B4_LC,PC,GW,1,1,,
2053,B4_LC,PC,NAL,-1,0,,
2054,B4_LC,PC,NAL,-1,0,,
2055,B4_LC,PI,GAL,-1,1,,
2056,B4_LC,PI,GAL,-1,1,,
2057,B4_LC,PI,GAL,-1,1,,
2058,B4_LC,PC,NAL,-1,0,,
2059,B4_LC,PI,GAL,-1,1,,
2060,B4_LC,PC,GW,1,1,,
2061,B4_LC,PC,NAL,-1,0,,
2062,B4_LC,PC,GW,1,1,,
2063,B4_LC,PC,GW,1,1,,
2064,B4_LC,PC,NAL,-1,0,,
2065,B4_LC,PI,GAL,-1,1,,
2066,B4_LC,PI,GAL,-1,1,,
2067,B4_LC,PC,NAL,-1,0,,
2068,B4_LC,PC,NAL,-1,0,,
2069,B4_LC,PC,NAL,-1,0,,
2070,B4_LC,PC,NAL,-1,0,,
2071,B4_LC,PI,NW,1,0,,
2072,B4_LC,PC,GW,1,1,,
2073,B4_LC,PI,NW,1,0,,
2074,B4_LC,PC,NAL,-1,0,,
2075,B4_LC,PC,GW,1,1,,
2076,B4_LC,PI,NW,1,0,,
2077,B4_LC,PC,NAL,-1,0,,
2078,B4_LC,PC,GW,1,1,,
2079,B4_LC,PC,NAL,-1,0,,
2080,B4_LC,PC,GW,1,1,,
2081,B4_LC,PI,NW,1,0,,
2082,B4_LC,PC,GW,1,1,,
2083,B4_LC,PC,NAL,-1,0,,
2084,B4_LC,PI,NW,1,0,,
2085,B4_LC,PC,GW,1,1,,
2086,B4_LC,PC,GW,1,1,,
2087,B4_LC,PC,GW,1,1,,
2088,B4_LC,PC,GW,1,1,,
2089,B4_LC,PC,GW,1,1,,
2090,B4_LC,PI,GAL,-1,1,,
2091,B4_LC,PC,GW,1,1,,
2092,B4_LC,PC,GW,1,1,,
2093,B4_LC,PC,NAL,-1,0,,
2094,B4_LC,PC,GW,1,1,,
2095,B4_LC,PC,NAL,-1,0,,
2096,B4_LC,PC,NAL,-1,0,,
2097,B4_LC,PI,GAL,-1,1,,
2098,B4_LC,PC,NAL,-1,0,,
2099,B4_LC,PC,GW,1,1,,
2100,B4_LC,PC,GW,1,1,,
2101,B4_LC,PC,GW,1,1,,
2102,B4_LC,PC,NAL,-1,0,,
2103,B4_LC,PC,NAL,-1,0,,
2104,B4_LC,PC,GW,1,1,,
2105,B4_LC,PI,GAL,-1,1,,
2106,B4_LC,PC,GW,1,1,,
2107,B4_LC,PI,NW,1,0,,
2108,B4_LC,PC,NAL,-1,0,,
2109,B4_LC,PC,NAL,-1,0,,
2110,B4_LC,PI,NW,1,0,,
2111,B4_LC,PC,GW,1,1,,
2112,B4_LC,PC,NAL,-1,0,,
2113,B4_LC,PI,GAL,-1,1,,
2114,B4_LC,PC,GW,1,1,,
2115,B4_LC,PI,NW,1,0,,
2116,B4_LC,PI,GAL,-1,1,,
2117,B4_LC,PC,GW,1,1,,
2118,B4_LC,PC,NAL,-1,0,,
2119,B4_LC,PI,GAL,-1,1,,
2120,B4_LC,PI,GAL,-1,1,,
2121,B4_LC,PC,GW,1,1,,
2122,B4_LC,PI,NW,1,0,,
2123,B4_LC,PC,NAL,-1,0,,
2124,B4_LC,PC,GW,1,1,,
2125,B4_LC,PC,NAL,-1,0,,
2126,B4_LC,PC,NAL,-1,0,,
2127,B4_LC,PC,GW,1,1,,
2128,B4_LC,PC,GW,1,1,,
2129,B4_LC,PC,GW,1,1,,
2130,B4_LC,PC,GW,1,1,,
2131,B4_LC,PI,GAL,-1,1,,
2132,B4_LC,PC,NAL,-1,0,,
2133,B4_LC,PI,GAL,-1,1,,
2134,B4_LC,PC,NAL,-1,0,,
2135,B4_LC,PI,GAL,-1,1,,
2136,B4_LC,PC,NAL,-1,0,,
2137,B4_LC,PI,GAL,-1,1,,
2138,B4_LC,PI,GAL,-1,1,,
2139,B4_LC,PI,GAL,-1,1,,
2140,B4_LC,PI,NW,1,0,,
2141,B4_LC,PI,GAL,-1,1,,
2142,B4_LC,PI,GAL,-1,1,,
2143,B4_LC,PC,NAL,-1,0,,
2144,B4_LC,PC,NAL,-1,0,,
2145,B4_LC,PC,GW,1,1,,
2146,B4_LC,PC,NAL,-1,0,,
2147,B4_LC,PI,GAL,-1,1,,
2148,B4_LC,PC,NAL,-1,0,,
2149,B4_LC,PC,NAL,-1,0,,
2150,B4_LC,PI,NW,1,0,,
2151,B4_LC,PC,GW,1,1,,
2152,B4_LC,PC,GW,1,1,,
2153,B4_LC,PC,NAL,-1,0,,
2154,B4_LC,PC,NAL,-1,0,,
2155,B4_LC,PC,GW,1,1,,
2156,B4_LC,PI,GAL,-1,1,,
2157,B4_LC,PC,GW,1,1,,
2158,B4_LC,PI,GAL,-1,1,,
2159,B4_LC,PC,NAL,-1,0,,
2160,B4_LC,PC,GW,1,1,,
2161,B4_LC,PC,NAL,-1,0,,
2162,B4_LC,PC,NAL,-1,0,,
2163,B4_LC,PC,NAL,-1,0,,
2164,B4_LC,PC,NAL,-1,0,,
2165,B4_LC,PC,GW,1,1,,
2166,B4_LC,PI,NW,1,0,,
2167,B4_LC,PI,GAL,-1,1,,
2168,B4_LC,PI,NW,1,0,,
2169,B4_LC,PC,NAL,-1,0,,
2170,B4_LC,PC,NAL,-1,0,,
2171,B4_LC,PC,NAL,-1,0,,
2172,B4_LC,PI,NW,1,0,,
2173,B4_LC,PI,NW,1,0,,
2174,B4_LC,PC,NAL,-1,0,,
2175,B4_LC,PC,NAL,-1,0,,
2176,B4_LC,PC,NAL,-1,0,,
2177,B4_LC,PI,GAL,-1,1,,
2178,B4_LC,PC,NAL,-1,0,,
2179,B4_LC,PC,GW,1,1,,
2180,B4_LC,PI,NW,1,0,,
2181,B4_LC,PC,NAL,-1,0,,
2182,B4_LC,PC,NAL,-1,0,,
2183,B4_LC,PI,NW,1,0,,
2184,B4_LC,PC,GW,1,1,,
2185,B4_LC,PC,NAL,-1,0,,
2186,B4_LC,PI,GAL,-1,1,,
2187,B4_LC,PC,GW,1,1,,
2188,B4_LC,PC,NAL,-1,0,,
2189,B4_LC,PC,GW,1,1,,
2190,B4_LC,PI,NW,1,0,,
2191,B4_LC,PC,GW,1,1,,
2192,B4_LC,PC,NAL,-1,0,,
2193,B4_LC,PC,GW,1,1,,
2194,B4_LC,PC,GW,1,1,,
2195,B4_LC,PC,GW,1,1,,
2196,B4_LC,PC,NAL,-1,0,,
2197,B4_LC,PC,NAL,-1,0,,
2198,B4_LC,PC,NAL,-1,0,,
2199,B4_LC,PI,GAL,-1,1,,
2200,B4_LC,PI,NW,1,0,,
2201,B4_LC,PI,GAL,-1,1,,
2202,B4_LC,PC,NAL,-1,0,,
2203,B4_LC,PC,GW,1,1,,
2204,B4_LC,PC,GW,1,1,,
2205,B4_LC,PC,NAL,-1,0,,
2206,B4_LC,PI,GAL,-1,1,,
2207,B4_LC,PC,NAL,-1,0,,
2208,B4_LC,PC,NAL,-1,0,,
2209,B4_LC,PC,NAL,-1,0,,
2210,B4_LC,PC,NAL,-1,0,,
2211,B4_LC,PC,NAL,-1,0,,
2212,B4_LC,PC,NAL,-1,0,,
2213,B4_LC,PC,NAL,-1,0,,
2214,B4_LC,PI,NW,1,0,,
2215,B4_LC,PC,NAL,-1,0,,
2216,B4_LC,PC,GW,1,1,,
2217,B4_LC,PC,NAL,-1,0,,
2218,B4_LC,PI,NW,1,0,,
2219,B4_LC,PI,GAL,-1,1,,
2220,B4_LC,PC,NAL,-1,0,,
2221,B4_LC,PI,NW,1,0,,
2222,B4_LC,PC,GW,1,1,,
2223,B4_LC,PC,GW,1,1,,
2224,B4_LC,PI,GAL,-1,1,,
2225,B4_LC,PC,NAL,-1,0,,
2226,B4_LC,PC,GW,1,1,,
2227,B4_LC,PI,GAL,-1,1,,
2228,B4_LC,PC,GW,1,1,,
2229,B4_LC,PC,GW,1,1,,
2230,B4_LC,PI,NW,1,0,,
2231,B4_LC,PC,GW,1,1,,
2232,B4_LC,PI,GAL,-1,1,,
2233,B4_LC,PC,GW,1,1,,
2234,B4_LC,PC,NAL,-1,0,,
2235,B4_LC,PC,GW,1,1,,
2236,B4_LC,PC,NAL,-1,0,,
2237,B4_LC,PC,NAL,-1,0,,
2238,B4_LC,PC,NAL,-1,0,,
2239,B4_LC,PI,NW,1,0,,
2240,B4_LC,PC,NAL,-1,0,,
2241,B4_LC,PI,NW,1,0,,
2242,B4_LC,PC,NAL,-1,0,,
2243,B4_LC,PI,GAL,-1,1,,
2244,B4_LC,PI,NW,1,0,,
2245,B4_LC,PI,GAL,-1,1,,
2246,B4_LC,PI,NW,1,0,,
2247,B4_LC,PI,GAL,-1,1,,
2248,B4_LC,PI,NW,1,0,,
2249,B4_LC,PI,NW,1,0,,
2250,B4_LC,PI,NW,1,0,,
2251,B4_LC,PC,GW,1,1,,
2252,B4_LC,PC,NAL,-1,0,,
2253,B4_LC,PC,GW,1,1,,
2254,B4_LC,PI,GAL,-1,1,,
2255,B4_LC,PC,GW,1,1,,
2256,B4_LC,PI,NW,1,0,,
2257,B4_LC,PI,GAL,-1,1,,
2258,B4_LC,PC,NAL,-1,0,,
2259,B4_LC,PC,GW,1,1,,
2260,B4_LC,PI,NW,1,0,,
2261,B4_LC,PC,GW,1,1,,
2262,B4_LC,PI,GAL,-1,1,,
2263,B4_LC,PI,NW,1,0,,
2264,B4_LC,PI,NW,1,0,,
2265,B4_LC,PC,NAL,-1,0,,
2266,B4_LC,PC,NAL,-1,0,,
2267,B4_LC,PC,GW,1,1,,
2268,B4_LC,PC,NAL,-1,0,,
2269,B4_LC,PC,NAL,-1,0,,
2270,B4_LC,PC,NAL,-1,0,,
2271,B4_LC,PC,NAL,-1,0,,
2272,B4_LC,PC,GW,1,1,,
2273,B4_LC,PC,GW,1,1,,
2274,B4_LC,PC,NAL,-1,0,,
2275,B4_LC,PI,GAL,-1,1,,
2276,B4_LC,PI,GAL,-1,1,,
2277,B4_LC,PC,NAL,-1,0,,
2278,B4_LC,PC,GW,1,1,,
2279,B4_LC,PC,GW,1,1,,
2280,B4_LC,PC,NAL,-1,0,,
2281,B4_LC,PC,NAL,-1,0,,
2282,B4_LC,PI,NW,1,0,,
2283,B4_LC,PC,NAL,-1,0,,
2284,B4_LC,PC,NAL,-1,0,,
2285,B4_LC,PC,GW,1,1,,
2286,B4_LC,PI,GAL,-1,1,,
2287,B4_LC,PC,GW,1,1,,
2288,B4_LC,PC,GW,1,1,,
2289,B4_LC,PC,GW,1,1,,
2290,B4_LC,PC,NAL,-1,0,,
2291,B4_LC,PC,NAL,-1,0,,
2292,B4_LC,PC,NAL,-1,0,,
2293,B4_LC,PC,GW,1,1,,
2294,B4_LC,PC,GW,1,1,,
2295,B4_LC,PC,GW,1,1,,
2296,B4_LC,PI,GAL,-1,1,,
2297,B4_LC,PC,GW,1,1,,
2298,B4_LC,PC,NAL,-1,0,,
2299,B4_LC,PC,GW,1,1,,
2300,B4_LC,PC,GW,1,1,,
2301,B4_LC,PC,NAL,-1,0,,
2302,B4_LC,PC,GW,1,1,,
2303,B4_LC,PI,GAL,-1,1,,
2304,B4_LC,PC,NAL,-1,0,,
2305,B4_LC,PC,NAL,-1,0,,
2306,B4_LC,PC,GW,1,1,,
2307,B4_LC,PI,NW,1,0,,
2308,B4_LC,PC,NAL,-1,0,,
2309,B4_LC,PC,GW,1,1,,
2310,B4_LC,PC,GW,1,1,,
2311,B4_LC,PI,NW,1,0,,
2312,B4_LC,PI,GAL,-1,1,,
2313,B4_LC,PC,NAL,-1,0,,
2314,B4_LC,PC,GW,1,1,,
2315,B4_LC,PC,NAL,-1,0,,
2316,B4_LC,PC,NAL,-1,0,,
2317,B4_LC,PI,NW,1,0,,
2318,B4_LC,PC,GW,1,1,,
2319,B4_LC,PI,GAL,-1,1,,
2320,B4_LC,PC,GW,1,1,,
2321,B4_LC,PC,NAL,-1,0,,
2322,B4_LC,PC,NAL,-1,0,,
2323,B4_LC,PC,GW,1,1,,
2324,B4_LC,PC,GW,1,1,,
2325,B4_LC,PC,GW,1,1,,
2326,B4_LC,PC,GW,1,1,,
2327,B4_LC,PI,GAL,-1,1,,
2328,B4_LC,PC,NAL,-1,0,,
2329,B4_LC,PI,NW,1,0,,
2330,B4_LC,PC,GW,1,1,,
2331,B4_LC,PC,GW,1,1,,
2332,B4_LC,PC,GW,1,1,,
2333,B4_LC,PC,GW,1,1,,
2334,B4_LC,PC,NAL,-1,0,,
2335,B4_LC,PC,GW,1,1,,
2336,B4_LC,PC,NAL,-1,0,,
2337,B4_LC,PI,GAL,-1,1,,
2338,B4_LC,PC,GW,1,1,,
2339,B4_LC,PC,NAL,-1,0,,
2340,B4_LC,PC,NAL,-1,0,,
2341,B4_LC,PC,NAL,-1,0,,
2342,B4_LC,PC,GW,1,1,,
2343,B4_LC,PI,NW,1,0,,
2344,B4_LC,PC,GW,1,1,,
2345,B4_LC,PC,NAL,-1,0,,
2346,B4_LC,PC,GW,1,1,,
2347,B4_LC,PC,GW,1,1,,
2348,B4_LC,PC,GW,1,1,,
2349,B4_LC,PI,GAL,-1,1,,
2350,B4_LC,PI,GAL,-1,1,,
2351,B4_LC,PI,NW,1,0,,
2352,B4_LC,PI,GAL,-1,1,,
2353,B4_LC,PC,NAL,-1,0,,
2354,B4_LC,PC,NAL,-1,0,,
2355,B4_LC,PC,GW,1,1,,
2356,B4_LC,PI,NW,1,0,,
2357,B4_LC,PC,NAL,-1,0,,
2358,B4_LC,PI,GAL,-1,1,,
2359,B4_LC,PC,GW,1,1,,
2360,B4_LC,PC,NAL,-1,0,,
2361,B4_LC,PI,NW,1,0,,
2362,B4_LC,PC,NAL,-1,0,,
2363,B4_LC,PC,NAL,-1,0,,
2364,B4_LC,PI,NW,1,0,,
2365,B4_LC,PI,NW,1,0,,
2366,B4_LC,PC,NAL,-1,0,,
2367,B4_LC,PC,GW,1,1,,
2368,B4_LC,PC,GW,1,1,,
2369,B4_LC,PC,GW,1,1,,
2370,B4_LC,PC,GW,1,1,,
2371,B4_LC,PC,NAL,-1,0,,
2372,B4_LC,PC,NAL,-1,0,,
2373,B4_LC,PI,NW,1,0,,
2374,B4_LC,PC,GW,1,1,,
2375,B4_LC,PC,NAL,-1,0,,
2376,B4_LC,PI,NW,1,0,,
2377,B4_LC,PC,GW,1,1,,
2378,B4_LC,PC,NAL,-1,0,,
2379,B4_LC,PC,NAL,-1,0,,
2380,B4_LC,PC,GW,1,1,,
2381,B4_LC,PC,GW,1,1,,
2382,B4_LC,PI,NW,1,0,,
2383,B4_LC,PC,GW,1,1,,
2384,B4_LC,PC,GW,1,1,,
2385,B4_LC,PI,NW,1,0,,
2386,B4_LC,PC,GW,1,1,,
2387,B4_LC,PI,GAL,-1,1,,
2388,B4_LC,PC,NAL,-1,0,,
2389,B4_LC,PI,NW,1,0,,
2390,B4_LC,PC,GW,1,1,,
2391,B4_LC,PC,GW,1,1,,
2392,B4_LC,PC,GW,1,1,,
2393,B4_LC,PI,NW,1,0,,
2394,B4_LC,PI,GAL,-1,1,,
2395,B4_LC,PI,NW,1,0,,
2396,B4_LC,PC,GW,1,1,,
2397,B4_LC,PC,NAL,-1,0,,
2398,B4_LC,PC,NAL,-1,0,,
2399,B4_LC,PI,GAL,-1,1,,
2400,B4_LC,PC,NAL,-1,0,,
2401,B4_LC,PI,GAL,-1,1,,
2402,B4_LC,PC,GW,1,1,,
2403,B4_LC,PC,GW,1,1,,
2404,B4_LC,PC,GW,1,1,,
2405,B4_LC,PI,NW,1,0,,
2406,B4_LC,PC,NAL,-1,0,,
2407,B4_LC,PI,GAL,-1,1,,
2408,B4_LC,PI,NW,1,0,,
2409,B4_LC,PC,GW,1,1,,
2410,B4_LC,PC,GW,1,1,,
2411,B4_LC,PC,NAL,-1,0,,
2412,B4_LC,PC,NAL,-1,0,,
2413,B4_LC,PC,GW,1,1,,
2414,B4_LC,PI,NW,1,0,,
2415,B4_LC,PC,GW,1,1,,
2416,B4_LC,PI,NW,1,0,,
2417,B4_LC,PC,NAL,-1,0,,
2418,B4_LC,PC,GW,1,1,,
2419,B4_LC,PC,GW,1,1,,
2420,B4_LC,PI,GAL,-1,1,,
2421,B4_LC,PI,GAL,-1,1,,
2422,B4_LC,PI,NW,1,0,,
2423,B4_LC,PI,NW,1,0,,
2424,B4_LC,PC,GW,1,1,,
2425,B4_LC,PI,GAL,-1,1,,
2426,B4_LC,PI,GAL,-1,1,,
2427,B4_LC,PC,GW,1,1,,
2428,B4_LC,PI,NW,1,0,,
2429,B4_LC,PI,GAL,-1,1,,
2430,B4_LC,PC,NAL,-1,0,,
2431,B4_LC,PI,NW,1,0,,
2432,B4_LC,PI,NW,1,0,,
2433,B4_LC,PC,GW,1,1,,
2434,B4_LC,PI,NW,1,0,,
2435,B4_LC,PI,GAL,-1,1,,
2436,B4_LC,PC,GW,1,1,,
2437,B4_LC,PI,GAL,-1,1,,
2438,B4_LC,PC,NAL,-1,0,,
2439,B4_LC,PC,GW,1,1,,
2440,B4_LC,PC,NAL,-1,0,,
2441,B4_LC,PI,GAL,-1,1,,
2442,B4_LC,PC,NAL,-1,0,,
2443,B4_LC,PI,GAL,-1,1,,
2444,B4_LC,PI,NW,1,0,,
2445,B4_LC,PC,NAL,-1,0,,
2446,B4_LC,PC,GW,1,1,,
2447,B4_LC,PI,GAL,-1,1,,
2448,B4_LC,PC,NAL,-1,0,,
2449,B4_LC,PI,NW,1,0,,
2450,B4_LC,PC,GW,1,1,,
2451,B4_LC,PC,GW,1,1,,
2452,B4_LC,PC,GW,1,1,,
2453,B4_LC,PC,NAL,-1,0,,
2454,B4_LC,PC,NAL,-1,0,,
2455,B4_LC,PC,NAL,-1,0,,
2456,B4_LC,PI,NW,1,0,,
2457,B4_LC,PI,NW,1,0,,
2458,B4_LC,PC,NAL,-1,0,,
2459,B4_LC,PC,NAL,-1,0,,
2460,B4_LC,PC,NAL,-1,0,,
2461,B4_LC,PI,GAL,-1,1,,
2462,B4_LC,PC,NAL,-1,0,,
2463,B4_LC,PI,NW,1,0,,
2464,B4_LC,PC,GW,1,1,,
2465,B4_LC,PI,GAL,-1,1,,
2466,B4_LC,PC,NAL,-1,0,,
2467,B4_LC,PI,GAL,-1,1,,
2468,B4_LC,PC,NAL,-1,0,,
2469,B4_LC,PC,NAL,-1,0,,
2470,B4_LC,PI,NW,1,0,,
2471,B4_LC,PI,NW,1,0,,
2472,B4_LC,PC,GW,1,1,,
2473,B4_LC,PC,NAL,-1,0,,
2474,B4_LC,PC,NAL,-1,0,,
2475,B4_LC,PC,GW,1,1,,
2476,B4_LC,PC,NAL,-1,0,,
2477,B4_LC,PC,NAL,-1,0,,
2478,B4_LC,PC,GW,1,1,,
2479,B4_LC,PC,NAL,-1,0,,
2480,B4_LC,PC,GW,1,1,,
2481,B4_LC,PC,GW,1,1,,
2482,B4_LC,PI,GAL,-1,1,,
2483,B4_LC,PI,NW,1,0,,
2484,B4_LC,PI,NW,1,0,,
2485,B4_LC,PC,NAL,-1,0,,
2486,B4_LC,PC,GW,1,1,,
2487,B4_LC,PC,GW,1,1,,
2488,B4_LC,PC,GW,1,1,,
2489,B4_LC,PC,NAL,-1,0,,
2490,B4_LC,PC,GW,1,1,,
2491,B4_LC,PC,NAL,-1,0,,
2492,B4_LC,PI,NW,1,0,,
2493,B4_LC,PC,GW,1,1,,
2494,B4_LC,PC,NAL,-1,0,,
2495,B4_LC,PC,GW,1,1,,
2496,B4_LC,PC,GW,1,1,,
2497,B4_LC,PC,GW,1,1,,
2498,B4_LC,PC,NAL,-1,0,,
2499,B4_LC,PI,NW,1,0,,
2500,B4_LC,PI,GAL,-1,1,,
2501,B4_LC,PC,NAL,-1,0,,
2502,B4_LC,PC,NAL,-1,0,,
2503,B4_LC,PC,GW,1,1,,
2504,B4_LC,PI,GAL,-1,1,,
2505,B4_LC,PI,NW,1,0,,
2506,B4_LC,PI,GAL,-1,1,,
2507,B4_LC,PC,NAL,-1,0,,
2508,B4_LC,PC,GW,1,1,,
2509,B4_LC,PC,GW,1,1,,
2510,B4_LC,PI,GAL,-1,1,,
2511,B4_LC,PC,NAL,-1,0,,
2512,B4_LC,PC,GW,1,1,,
2513,B4_LC,PC,NAL,-1,0,,
2514,B4_LC,PC,GW,1,1,,
2515,B4_LC,PC,GW,1,1,,
2516,B4_LC,PI,NW,1,0,,
2517,B4_LC,PC,NAL,-1,0,,
2518,B4_LC,PC,GW,1,1,,
2519,B4_LC,PC,GW,1,1,,
2520,B4_LC,PC,NAL,-1,0,,
2521,B4_LC,PC,GW,1,1,,
2522,B4_LC,PC,NAL,-1,0,,
2523,B4_LC,PC,NAL,-1,0,,
2524,B4_LC,PI,NW,1,0,,
2525,B4_LC,PC,GW,1,1,,
2526,B4_LC,PC,NAL,-1,0,,
2527,B4_LC,PC,NAL,-1,0,,
2528,B4_LC,PI,GAL,-1,1,,
2529,B4_LC,PC,NAL,-1,0,,
2530,B4_LC,PC,GW,1,1,,
2531,B4_LC,PI,GAL,-1,1,,
2532,B4_LC,PC,GW,1,1,,
2533,B4_LC,PC,NAL,-1,0,,
2534,B4_LC,PC,NAL,-1,0,,
2535,B4_LC,PI,GAL,-1,1,,
2536,B4_LC,PC,GW,1,1,,
2537,B4_LC,PI,GAL,-1,1,,
2538,B4_LC,PI,GAL,-1,1,,
2539,B4_LC,PC,NAL,-1,0,,
2540,B4_LC,PC,GW,1,1,,
2541,B4_LC,PI,GAL,-1,1,,
2542,B4_LC,PC,NAL,-1,0,,
2543,B4_LC,PC,GW,1,1,,
2544,B4_LC,PI,GAL,-1,1,,
2545,B4_LC,PC,GW,1,1,,
2546,B4_LC,PI,GAL,-1,1,,
2547,B4_LC,PI,NW,1,0,,
2548,B4_LC,PC,GW,1,1,,
2549,B4_LC,PI,GAL,-1,1,,
2550,B4_LC,PC,NAL,-1,0,,
2551,B4_LC,PI,NW,1,0,,
2552,B4_LC,PC,GW,1,1,,
2553,B4_LC,PC,GW,1,1,,
2554,B4_LC,PI,NW,1,0,,
2555,B4_LC,PI,GAL,-1,1,,
2556,B4_LC,PC,GW,1,1,,
2557,B4_LC,PI,NW,1,0,,
2558,B4_LC,PC,NAL,-1,0,,
2559,B4_LC,PC,GW,1,1,,
2560,B4_LC,PC,GW,1,1,,
2561,B4_LC,PC,GW,1,1,,
2562,B4_LC,PC,NAL,-1,0,,
2563,B4_LC,PC,NAL,-1,0,,
2564,B4_LC,PC,NAL,-1,0,,
2565,B4_LC,PC,GW,1,1,,
2566,B4_LC,PC,GW,1,1,,
2567,B4_LC,PC,NAL,-1,0,,
2568,B4_LC,PC,NAL,-1,0,,
2569,B4_LC,PC,NAL,-1,0,,
2570,B4_LC,PC,GW,1,1,,
2571,B4_LC,PC,NAL,-1,0,,
2572,B4_LC,PC,NAL,-1,0,,
2573,B4_LC,PC,GW,1,1,,
2574,B4_LC,PC,NAL,-1,0,,
2575,B4_LC,PC,NAL,-1,0,,
2576,B4_LC,PC,NAL,-1,0,,
2577,B4_LC,PC,NAL,-1,0,,
2578,B4_LC,PC,GW,1,1,,
2579,B4_LC,PI,NW,1,0,,
2580,B4_LC,PC,NAL,-1,0,,
2581,B4_LC,PC,GW,1,1,,
2582,B4_LC,PC,GW,1,1,,
2583,B4_LC,PI,GAL,-1,1,,
2584,B4_LC,PC,NAL,-1,0,,
2585,B4_LC,PC,GW,1,1,,
2586,B4_LC,PC,GW,1,1,,
2587,B4_LC,PI,NW,1,0,,
2588,B4_LC,PC,GW,1,1,,
2589,B4_LC,PC,NAL,-1,0,,
2590,B4_LC,PC,GW,1,1,,
2591,B4_LC,PC,GW,1,1,,
2592,B4_LC,PC,GW,1,1,,
2593,B4_LC,PI,NW,1,0,,
2594,B4_LC,PC,GW,1,1,,
2595,B4_LC,PI,NW,1,0,,
2596,B4_LC,PC,NAL,-1,0,,
2597,B4_LC,PC,NAL,-1,0,,
2598,B4_LC,PC,GW,1,1,,
2599,B4_LC,PC,GW,1,1,,
2600,B4_LC,PC,GW,1,1,,
2601,B4_LC,PC,NAL,-1,0,,
2602,B4_LC,PI,GAL,-1,1,,
2603,B4_LC,PC,NAL,-1,0,,
2604,B4_LC,PC,GW,1,1,,
2605,B4_LC,PC,NAL,-1,0,,
2606,B4_LC,PC,GW,1,1,,
2607,B4_LC,PI,GAL,-1,1,,
2608,B4_LC,PC,GW,1,1,,
2609,B4_LC,PC,GW,1,1,,
2610,B4_LC,PC,GW,1,1,,
2611,B4_LC,PC,GW,1,1,,
2612,B4_LC,PC,NAL,-1,0,,
2613,B4_LC,PC,NAL,-1,0,,
2614,B4_LC,PC,GW,1,1,,
2615,B4_LC,PI,NW,1,0,,
2616,B4_LC,PC,NAL,-1,0,,
2617,B4_LC,PC,GW,1,1,,
2618,B4_LC,PI,NW,1,0,,
2619,B4_LC,PI,GAL,-1,1,,
2620,B4_LC,PI,NW,1,0,,
2621,B4_LC,PI,NW,1,0,,
2622,B4_LC,PI,NW,1,0,,
2623,B4_LC,PI,NW,1,0,,
2624,B4_LC,PC,GW,1,1,,
2625,B4_LC,PI,NW,1,0,,
2626,B4_LC,PC,NAL,-1,0,,
2627,B4_LC,PI,NW,1,0,,
2628,B4_LC,PC,GW,1,1,,
2629,B4_LC,PC,GW,1,1,,
2630,B4_LC,PC,GW,1,1,,
2631,B4_LC,PC,NAL,-1,0,,
2632,B4_LC,PC,GW,1,1,,
2633,B4_LC,PC,GW,1,1,,
2634,B4_LC,PI,NW,1,0,,
2635,B4_LC,PC,NAL,-1,0,,
2636,B4_LC,PC,NAL,-1,0,,
2637,B4_LC,PC,GW,1,1,,
2638,B4_LC,PI,GAL,-1,1,,
2639,B4_LC,PC,GW,1,1,,
2640,B4_LC,PI,NW,1,0,,
2641,B4_LC,PC,GW,1,1,,
2642,B4_LC,PC,NAL,-1,0,,
2643,B4_LC,PC,NAL,-1,0,,
2644,B4_LC,PC,NAL,-1,0,,
2645,B4_LC,PC,GW,1,1,,
2646,B4_LC,PC,NAL,-1,0,,
2647,B4_LC,PC,NAL,-1,0,,
2648,B4_LC,PC,GW,1,1,,
2649,B4_LC,PC,NAL,-1,0,,
2650,B4_LC,PC,NAL,-1,0,,
2651,B4_LC,PC,GW,1,1,,
2652,B4_LC,PC,GW,1,1,,
2653,B4_LC,PC,GW,1,1,,
2654,B4_LC,PI,GAL,-1,1,,
2655,B4_LC,PC,GW,1,1,,
2656,B4_LC,PC,NAL,-1,0,,
2657,B4_LC,PC,GW,1,1,,
2658,B4_LC,PI,NW,1,0,,
2659,B4_LC,PI,NW,1,0,,
2660,B4_LC,PC,NAL,-1,0,,
2661,B4_LC,PC,GW,1,1,,
2662,B4_LC,PC,NAL,-1,0,,
2663,B4_LC,PI,GAL,-1,1,,
2664,B4_LC,PI,GAL,-1,1,,
2665,B4_LC,PC,GW,1,1,,
2666,B4_LC,PC,GW,1,1,,
2667,B4_LC,PC,GW,1,1,,
2668,B4_LC,PC,GW,1,1,,
2669,B4_LC,PC,NAL,-1,0,,
2670,B4_LC,PC,NAL,-1,0,,
2671,B4_LC,PC,NAL,-1,0,,
2672,B4_LC,PC,NAL,-1,0,,
2673,B4_LC,PC,NAL,-1,0,,
2674,B4_LC,PI,NW,1,0,,
2675,B4_LC,PC,GW,1,1,,
2676,B4_LC,PI,NW,1,0,,
2677,B4_LC,PC,NAL,-1,0,,
2678,B4_LC,PI,GAL,-1,1,,
2679,B4_LC,PC,GW,1,1,,
2680,B4_LC,PC,GW,1,1,,
2681,B4_LC,PC,GW,1,1,,
2682,B4_LC,PI,GAL,-1,1,,
2683,B4_LC,PI,GAL,-1,1,,
2684,B4_LC,PC,GW,1,1,,
2685,B4_LC,PC,GW,1,1,,
2686,B4_LC,PC,NAL,-1,0,,
2687,B4_LC,PC,GW,1,1,,
2688,B4_LC,PI,GAL,-1,1,,
2689,B4_LC,PC,GW,1,1,,
2690,B4_LC,PC,NAL,-1,0,,
2691,B4_LC,PI,NW,1,0,,
2692,B4_LC,PC,GW,1,1,,
2693,B4_LC,PI,NW,1,0,,
2694,B4_LC,PC,NAL,-1,0,,
2695,B4_LC,PC,NAL,-1,0,,
2696,B4_LC,PC,NAL,-1,0,,
2697,B4_LC,PI,GAL,-1,1,,
2698,B4_LC,PC,NAL,-1,0,,
2699,B4_LC,PC,NAL,-1,0,,
2700,B4_LC,PC,NAL,-1,0,,
2701,B4_LC,PI,GAL,-1,1,,
2702,B4_LC,PC,NAL,-1,0,,
2703,B4_LC,PC,NAL,-1,0,,
2704,B4_LC,PC,GW,1,1,,
2705,B4_LC,PC,NAL,-1,0,,
2706,B4_LC,PC,NAL,-1,0,,
2707,B4_LC,PC,NAL,-1,0,,
2708,B4_LC,PC,NAL,-1,0,,
2709,B4_LC,PC,NAL,-1,0,,
2710,B4_LC,PC,GW,1,1,,
2711,B4_LC,PC,GW,1,1,,
2712,B4_LC,PC,NAL,-1,0,,
2713,B4_LC,PC,GW,1,1,,
2714,B4_LC,PI,GAL,-1,1,,
2715,B4_LC,PI,GAL,-1,1,,
2716,B4_LC,PC,GW,1,1,,
2717,B4_LC,PC,NAL,-1,0,,
2718,B4_LC,PC,NAL,-1,0,,
2719,B4_LC,PC,NAL,-1,0,,
2720,B4_LC,PI,GAL,-1,1,,
2721,B4_LC,PC,NAL,-1,0,,
2722,B4_LC,PC,GW,1,1,,
2723,B4_LC,PC,GW,1,1,,
2724,B4_LC,PC,GW,1,1,,
2725,B4_LC,PC,NAL,-1,0,,
2726,B4_LC,PC,NAL,-1,0,,
2727,B4_LC,PC,NAL,-1,0,,
2728,B4_LC,PC,NAL,-1,0,,
2729,B4_LC,PC,GW,1,1,,
2730,B4_LC,PC,GW,1,1,,
2731,B4_LC,PI,GAL,-1,1,,
2732,B4_LC,PC,GW,1,1,,
2733,B4_LC,PI,NW,1,0,,
2734,B4_LC,PC,GW,1,1,,
2735,B4_LC,PC,GW,1,1,,
2736,B4_LC,PC,GW,1,1,,
2737,B4_LC,PC,NAL,-1,0,,
2738,B4_LC,PI,GAL,-1,1,,
2739,B4_LC,PC,GW,1,1,,
2740,B4_LC,PC,NAL,-1,0,,
2741,B4_LC,PI,GAL,-1,1,,
2742,B4_LC,PI,GAL,-1,1,,
2743,B4_LC,PC,NAL,-1,0,,
2744,B4_LC,PI,GAL,-1,1,,
2745,B4_LC,PC,GW,1,1,,
2746,B4_LC,PC,GW,1,1,,
2747,B4_LC,PI,NW,1,0,,
2748,B4_LC,PC,GW,1,1,,
2749,B4_LC,PC,NAL,-1,0,,
2750,B4_LC,PC,GW,1,1,,
2751,B4_LC,PC,NAL,-1,0,,
2752,B4_LC,PI,NW,1,0,,
2753,B4_LC,PI,GAL,-1,1,,
2754,B4_LC,PC,NAL,-1,0,,
2755,B4_LC,PC,NAL,-1,0,,
2756,B4_LC,PC,NAL,-1,0,,
2757,B4_LC,PI,NW,1,0,,
2758,B4_LC,PI,GAL,-1,1,,
2759,B4_LC,PI,NW,1,0,,
2760,B4_LC,PC,NAL,-1,0,,
2761,B4_LC,PC,GW,1,1,,
2762,B4_LC,PC,GW,1,1,,
2763,B4_LC,PC,NAL,-1,0,,
2764,B4_LC,PC,NAL,-1,0,,
2765,B4_LC,PI,NW,1,0,,
2766,B4_LC,PI,GAL,-1,1,,
2767,B4_LC,PC,GW,1,1,,
2768,B4_LC,PC,NAL,-1,0,,
2769,B4_LC,PC,GW,1,1,,
2770,B4_LC,PI,NW,1,0,,
2771,B4_LC,PI,NW,1,0,,
2772,B4_LC,PC,GW,1,1,,
2773,B4_LC,PC,GW,1,1,,
2774,B4_LC,PC,GW,1,1,,
2775,B4_LC,PC,GW,1,1,,
2776,B4_LC,PC,GW,1,1,,
2777,B4_LC,PC,NAL,-1,0,,
2778,B4_LC,PC,NAL,-1,0,,
2779,B4_LC,PI,GAL,-1,1,,
2780,B4_LC,PC,NAL,-1,0,,
2781,B4_LC,PC,NAL,-1,0,,
2782,B4_LC,PC,GW,1,1,,
2783,B4_LC,PI,NW,1,0,,
2784,B4_LC,PC,NAL,-1,0,,
2785,B4_LC,PC,GW,1,1,,
2786,B4_LC,PC,GW,1,1,,
2787,B4_LC,PC,NAL,-1,0,,
2788,B4_LC,PI,NW,1,0,,
2789,B4_LC,PC,NAL,-1,0,,
2790,B4_LC,PI,GAL,-1,1,,
2791,B4_LC,PI,NW,1,0,,
2792,B4_LC,PC,GW,1,1,,
2793,B4_LC,PI,NW,1,0,,
2794,B4_LC,PC,GW,1,1,,
2795,B4_LC,PI,NW,1,0,,
2796,B4_LC,PC,NAL,-1,0,,
2797,B4_LC,PC,NAL,-1,0,,
2798,B4_LC,PI,NW,1,0,,
2799,B4_LC,PI,GAL,-1,1,,
2800,B4_LC,PI,GAL,-1,1,,
2801,B4_LC,PC,NAL,-1,0,,
2802,B4_LC,PC,GW,1,1,,
2803,B4_LC,PC,GW,1,1,,
2804,B4_LC,PC,NAL,-1,0,,
2805,B4_LC,PC,GW,1,1,,
2806,B4_LC,PI,NW,1,0,,
2807,B4_LC,PI,NW,1,0,,
2808,B4_LC,PC,NAL,-1,0,,
2809,B4_LC,PI,GAL,-1,1,,
2810,B4_LC,PC,NAL,-1,0,,
2811,B4_LC,PC,NAL,-1,0,,
2812,B4_LC,PC,NAL,-1,0,,
2813,B4_LC,PI,GAL,-1,1,,
2814,B4_LC,PC,NAL,-1,0,,
2815,B4_LC,PC,GW,1,1,,
2816,B4_LC,PI,GAL,-1,1,,
2817,B4_LC,PC,GW,1,1,,
2818,B4_LC,PC,GW,1,1,,
2819,B4_LC,PC,NAL,-1,0,,
2820,B4_LC,PI,NW,1,0,,
2821,B4_LC,PI,GAL,-1,1,,
2822,B4_LC,PI,GAL,-1,1,,
2823,B4_LC,PC,GW,1,1,,
2824,B4_LC,PC,NAL,-1,0,,
2825,B4_LC,PI,GAL,-1,1,,
2826,B4_LC,PC,GW,1,1,,
2827,B4_LC,PC,GW,1,1,,
2828,B4_LC,PC,NAL,-1,0,,
2829,B4_LC,PC,NAL,-1,0,,
2830,B4_LC,PC,GW,1,1,,
2831,B4_LC,PI,GAL,-1,1,,
2832,B4_LC,PI,NW,1,0,,
2833,B4_LC,PI,GAL,-1,1,,
2834,B4_LC,PI,GAL,-1,1,,
2835,B4_LC,PI,GAL,-1,1,,
2836,B4_LC,PI,NW,1,0,,
2837,B4_LC,PC,NAL,-1,0,,
2838,B4_LC,PC,NAL,-1,0,,
2839,B4_LC,PC,NAL,-1,0,,
2840,B4_LC,PC,GW,1,1,,
2841,B4_LC,PC,NAL,-1,0,,
2842,B4_LC,PC,NAL,-1,0,,
2843,B4_LC,PC,NAL,-1,0,,
2844,B4_LC,PC,NAL,-1,0,,
2845,B4_LC,PC,GW,1,1,,
2846,B4_LC,PC,GW,1,1,,
2847,B4_LC,PI,GAL,-1,1,,
2848,B4_LC,PC,GW,1,1,,
2849,B4_LC,PI,GAL,-1,1,,
2850,B4_LC,PI,NW,1,0,,
2851,B4_LC,PI,GAL,-1,1,,
2852,B4_LC,PC,NAL,-1,0,,
2853,B4_LC,PC,NAL,-1,0,,
2854,B4_LC,PI,GAL,-1,1,,
2855,B4_LC,PC,GW,1,1,,
2856,B4_LC,PI,NW,1,0,,
2857,B4_LC,PC,GW,1,1,,
2858,B4_LC,PC,NAL,-1,0,,
2859,B4_LC,PC,GW,1,1,,
2860,B4_LC,PC,NAL,-1,0,,
2861,B4_LC,PC,GW,1,1,,
2862,B4_LC,PC,NAL,-1,0,,
2863,B4_LC,PC,NAL,-1,0,,
2864,B4_LC,PI,NW,1,0,,
2865,B4_LC,PC,NAL,-1,0,,
2866,B4_LC,PI,GAL,-1,1,,
2867,B4_LC,PI,NW,1,0,,
2868,B4_LC,PC,NAL,-1,0,,
2869,B4_LC,PC,NAL,-1,0,,
2870,B4_LC,PC,GW,1,1,,
2871,B4_LC,PI,GAL,-1,1,,
2872,B4_LC,PI,GAL,-1,1,,
2873,B4_LC,PC,NAL,-1,0,,
2874,B4_LC,PI,GAL,-1,1,,
2875,B4_LC,PC,NAL,-1,0,,
2876,B4_LC,PI,NW,1,0,,
2877,B4_LC,PC,GW,1,1,,
2878,B4_LC,PC,GW,1,1,,
2879,B4_LC,PC,GW,1,1,,
2880,B4_LC,PC,GW,1,1,,
2881,B4_LC,PC,NAL,-1,0,,
2882,B4_LC,PC,NAL,-1,0,,
2883,B4_LC,PC,NAL,-1,0,,
2884,B4_LC,PC,GW,1,1,,
2885,B4_LC,PI,NW,1,0,,
2886,B4_LC,PI,NW,1,0,,
2887,B4_LC,PI,GAL,-1,1,,
2888,B4_LC,PC,NAL,-1,0,,
2889,B4_LC,PC,NAL,-1,0,,
2890,B4_LC,PI,NW,1,0,,
2891,B4_LC,PC,GW,1,1,,
2892,B4_LC,PC,NAL,-1,0,,
2893,B4_LC,PI,NW,1,0,,
2894,B4_LC,PI,NW,1,0,,
2895,B4_LC,PC,GW,1,1,,
2896,B4_LC,PI,GAL,-1,1,,
2897,B4_LC,PI,GAL,-1,1,,
2898,B4_LC,PC,GW,1,1,,
2899,B4_LC,PC,GW,1,1,,
2900,B4_LC,PC,GW,1,1,,
2901,B4_LC,PC,GW,1,1,,
2902,B4_LC,PC,NAL,-1,0,,
2903,B4_LC,PC,NAL,-1,0,,
2904,B4_LC,PC,GW,1,1,,
2905,B4_LC,PC,NAL,-1,0,,
2906,B4_LC,PC,NAL,-1,0,,
2907,B4_LC,PC,NAL,-1,0,,
2908,B4_LC,PC,GW,1,1,,
2909,B4_LC,PI,NW,1,0,,
2910,B4_LC,PI,NW,1,0,,
2911,B4_LC,PC,GW,1,1,,
2912,B4_LC,PC,GW,1,1,,
2913,B4_LC,PC,NAL,-1,0,,
2914,B4_LC,PI,NW,1,0,,
2915,B4_LC,PC,NAL,-1,0,,
2916,B4_LC,PI,NW,1,0,,
2917,B4_LC,PC,GW,1,1,,
2918,B4_LC,PI,GAL,-1,1,,
2919,B4_LC,PC,NAL,-1,0,,
2920,B4_LC,PC,GW,1,1,,
2921,B4_LC,PI,NW,1,0,,
2922,B4_LC,PC,NAL,-1,0,,
2923,B4_LC,PC,GW,1,1,,
2924,B4_LC,PC,NAL,-1,0,,
2925,B4_LC,PC,GW,1,1,,
2926,B4_LC,PC,NAL,-1,0,,
2927,B4_LC,PC,GW,1,1,,
2928,B4_LC,PC,NAL,-1,0,,
2929,B4_LC,PI,GAL,-1,1,,
2930,B4_LC,PC,GW,1,1,,
2931,B4_LC,PC,GW,1,1,,
2932,B4_LC,PC,GW,1,1,,
2933,B4_LC,PI,GAL,-1,1,,
2934,B4_LC,PC,GW,1,1,,
2935,B4_LC,PC,NAL,-1,0,,
2936,B4_LC,PC,NAL,-1,0,,
2937,B4_LC,PI,NW,1,0,,
2938,B4_LC,PC,NAL,-1,0,,
2939,B4_LC,PI,NW,1,0,,
2940,B4_LC,PI,NW,1,0,,
2941,B4_LC,PC,GW,1,1,,
2942,B4_LC,PC,NAL,-1,0,,
2943,B4_LC,PC,NAL,-1,0,,
2944,B4_LC,PC,GW,1,1,,
2945,B4_LC,PC,NAL,-1,0,,
2946,B4_LC,PC,NAL,-1,0,,
2947,B4_LC,PC,NAL,-1,0,,
2948,B4_LC,PC,NAL,-1,0,,
2949,B4_LC,PI,NW,1,0,,
2950,B4_LC,PC,GW,1,1,,
2951,B4_LC,PC,NAL,-1,0,,
2952,B4_LC,PC,NAL,-1,0,,
2953,B4_LC,PC,GW,1,1,,
2954,B4_LC,PC,GW,1,1,,
2955,B4_LC,PI,NW,1,0,,
2956,B4_LC,PC,NAL,-1,0,,
2957,B4_LC,PC,GW,1,1,,
2958,B4_LC,PC,GW,1,1,,
2959,B4_LC,PI,GAL,-1,1,,
2960,B4_LC,PC,NAL,-1,0,,
2961,B4_LC,PC,GW,1,1,,
2962,B4_LC,PC,GW,1,1,,
2963,B4_LC,PC,NAL,-1,0,,
2964,B4_LC,PC,GW,1,1,,
2965,B4_LC,PI,GAL,-1,1,,
2966,B4_LC,PC,GW,1,1,,
2967,B4_LC,PI,NW,1,0,,
2968,B4_LC,PI,GAL,-1,1,,
2969,B4_LC,PC,GW,1,1,,
2970,B4_LC,PI,GAL,-1,1,,
2971,B4_LC,PC,NAL,-1,0,,
2972,B4_LC,PI,GAL,-1,1,,
2973,B4_LC,PI,NW,1,0,,
2974,B4_LC,PC,GW,1,1,,
2975,B4_LC,PC,GW,1,1,,
2976,B4_LC,PI,GAL,-1,1,,
2977,B4_LC,PC,GW,1,1,,
2978,B4_LC,PI,GAL,-1,1,,
2979,B4_LC,PC,NAL,-1,0,,
2980,B4_LC,PC,GW,1,1,,
2981,B4_LC,PI,NW,1,0,,
2982,B4_LC,PC,NAL,-1,0,,
2983,B4_LC,PC,NAL,-1,0,,
2984,B4_LC,PC,GW,1,1,,
2985,B4_LC,PC,GW,1,1,,
2986,B4_LC,PC,GW,1,1,,
2987,B4_LC,PI,NW,1,0,,
2988,B4_LC,PI,NW,1,0,,
2989,B4_LC,PC,GW,1,1,,
2990,B4_LC,PC,NAL,-1,0,,
2991,B4_LC,PI,NW,1,0,,
2992,B4_LC,PC,GW,1,1,,
2993,B4_LC,PI,GAL,-1,1,,
2994,B4_LC,PC,GW,1,1,,
2995,B4_LC,PC,GW,1,1,,
2996,B4_LC,PC,NAL,-1,0,,
2997,B4_LC,PC,GW,1,1,,
2998,B4_LC,PC,NAL,-1,0,,
2999,B4_LC,PC,NAL,-1,0,,
3000,B4_LC,PC,GW,1,1,,
